txn_id,date,doc_id,description,account_id,debit,credit,account_name,account_type,normal_side
1,2025-01-01,CAP0001,Owner contribution (startup capital),1000,5000.0,0.0,Cash,Asset,Debit
1,2025-01-01,CAP0001,Owner contribution (startup capital),3000,0.0,5000.0,Owner Capital,Equity,Credit
29,2025-01-01,SALE0013,Cash sale,1000,291.5299662460995,0.0,Cash,Asset,Debit
29,2025-01-01,SALE0013,Cash sale,4000,0.0,291.5299662460995,Sales Revenue,Revenue,Credit
30,2025-01-01,SALE0013,Record cost of goods sold,1200,0.0,160.34148143535472,Inventory,Asset,Debit
30,2025-01-01,SALE0013,Record cost of goods sold,5000,160.34148143535472,0.0,Cost of Goods Sold,Expense,Debit
33,2025-01-01,SALE0015,Sale on account,1100,280.0161651795676,0.0,Accounts Receivable,Asset,Debit
33,2025-01-01,SALE0015,Sale on account,4000,0.0,280.0161651795676,Sales Revenue,Revenue,Credit
34,2025-01-01,SALE0015,Record cost of goods sold,1200,0.0,154.0088908487622,Inventory,Asset,Debit
34,2025-01-01,SALE0015,Record cost of goods sold,5000,154.0088908487622,0.0,Cost of Goods Sold,Expense,Debit
43,2025-01-01,RENT0001,Pay monthly rent,1000,0.0,1400.0,Cash,Asset,Debit
43,2025-01-01,RENT0001,Pay monthly rent,6100,1400.0,0.0,Rent Expense,Expense,Debit
46,2025-01-01,PAY0002,Run payroll (simplified: expense paid in cash),1000,0.0,1206.6415034343252,Cash,Asset,Debit
46,2025-01-01,PAY0002,Run payroll (simplified: expense paid in cash),6300,1206.6415034343252,0.0,Payroll Expense,Expense,Debit
5,2025-01-03,SALE0001,Cash sale,1000,160.65271897912896,0.0,Cash,Asset,Debit
5,2025-01-03,SALE0001,Cash sale,4000,0.0,160.65271897912896,Sales Revenue,Revenue,Credit
6,2025-01-03,SALE0001,Record cost of goods sold,1200,0.0,88.35899543852094,Inventory,Asset,Debit
6,2025-01-03,SALE0001,Record cost of goods sold,5000,88.35899543852094,0.0,Cost of Goods Sold,Expense,Debit
21,2025-01-05,SALE0009,Cash sale,1000,201.00427293005103,0.0,Cash,Asset,Debit
21,2025-01-05,SALE0009,Cash sale,4000,0.0,201.00427293005103,Sales Revenue,Revenue,Credit
22,2025-01-05,SALE0009,Record cost of goods sold,1200,0.0,110.55235011152807,Inventory,Asset,Debit
22,2025-01-05,SALE0009,Record cost of goods sold,5000,110.55235011152807,0.0,Cost of Goods Sold,Expense,Debit
13,2025-01-07,SALE0005,Cash sale,1000,275.2138539783914,0.0,Cash,Asset,Debit
13,2025-01-07,SALE0005,Cash sale,4000,0.0,275.2138539783914,Sales Revenue,Revenue,Credit
14,2025-01-07,SALE0005,Record cost of goods sold,1200,0.0,151.36761968811527,Inventory,Asset,Debit
14,2025-01-07,SALE0005,Record cost of goods sold,5000,151.36761968811527,0.0,Cost of Goods Sold,Expense,Debit
25,2025-01-09,SALE0011,Cash sale,1000,225.83003912022744,0.0,Cash,Asset,Debit
25,2025-01-09,SALE0011,Cash sale,4000,0.0,225.83003912022744,Sales Revenue,Revenue,Credit
26,2025-01-09,SALE0011,Record cost of goods sold,1200,0.0,124.20652151612511,Inventory,Asset,Debit
26,2025-01-09,SALE0011,Record cost of goods sold,5000,124.20652151612511,0.0,Cost of Goods Sold,Expense,Debit
7,2025-01-11,SALE0002,Cash sale,1000,197.93280091192702,0.0,Cash,Asset,Debit
7,2025-01-11,SALE0002,Cash sale,4000,0.0,197.93280091192702,Sales Revenue,Revenue,Credit
8,2025-01-11,SALE0002,Record cost of goods sold,1200,0.0,108.86304050155987,Inventory,Asset,Debit
8,2025-01-11,SALE0002,Record cost of goods sold,5000,108.86304050155987,0.0,Cost of Goods Sold,Expense,Debit
35,2025-01-11,SALE0016,Cash sale,1000,228.17926743118704,0.0,Cash,Asset,Debit
35,2025-01-11,SALE0016,Cash sale,4000,0.0,228.17926743118704,Sales Revenue,Revenue,Credit
36,2025-01-11,SALE0016,Record cost of goods sold,1200,0.0,125.49859708715289,Inventory,Asset,Debit
36,2025-01-11,SALE0016,Record cost of goods sold,5000,125.49859708715289,0.0,Cost of Goods Sold,Expense,Debit
45,2025-01-11,PAY0001,Run payroll (simplified: expense paid in cash),1000,0.0,1203.3659874702767,Cash,Asset,Debit
45,2025-01-11,PAY0001,Run payroll (simplified: expense paid in cash),6300,1203.3659874702767,0.0,Payroll Expense,Expense,Debit
27,2025-01-13,SALE0012,Cash sale,1000,128.4441756088629,0.0,Cash,Asset,Debit
27,2025-01-13,SALE0012,Cash sale,4000,0.0,128.4441756088629,Sales Revenue,Revenue,Credit
28,2025-01-13,SALE0012,Record cost of goods sold,1200,0.0,70.64429658487461,Inventory,Asset,Debit
28,2025-01-13,SALE0012,Record cost of goods sold,5000,70.64429658487461,0.0,Cost of Goods Sold,Expense,Debit
37,2025-01-14,SALE0017,Cash sale,1000,311.9219847777278,0.0,Cash,Asset,Debit
37,2025-01-14,SALE0017,Cash sale,4000,0.0,311.9219847777278,Sales Revenue,Revenue,Credit
38,2025-01-14,SALE0017,Record cost of goods sold,1200,0.0,171.5570916277503,Inventory,Asset,Debit
38,2025-01-14,SALE0017,Record cost of goods sold,5000,171.5570916277503,0.0,Cost of Goods Sold,Expense,Debit
44,2025-01-14,UTIL0001,Pay utilities,1000,0.0,181.30430972627883,Cash,Asset,Debit
44,2025-01-14,UTIL0001,Pay utilities,6200,181.30430972627883,0.0,Utilities Expense,Expense,Debit
2,2025-01-15,PO0001,Inventory purchase on credit,1200,739.3470094691816,0.0,Inventory,Asset,Debit
2,2025-01-15,PO0001,Inventory purchase on credit,2000,0.0,739.3470094691816,Accounts Payable,Liability,Credit
3,2025-01-15,PO0002,Inventory purchase on credit,1200,1781.0239980621275,0.0,Inventory,Asset,Debit
3,2025-01-15,PO0002,Inventory purchase on credit,2000,0.0,1781.0239980621275,Accounts Payable,Liability,Credit
4,2025-01-16,PO0003,Inventory purchase (cash),1000,0.0,284.2081569428543,Cash,Asset,Debit
4,2025-01-16,PO0003,Inventory purchase (cash),1200,284.2081569428543,0.0,Inventory,Asset,Debit
9,2025-01-17,SALE0003,Sale on account,1100,297.2755156773549,0.0,Accounts Receivable,Asset,Debit
9,2025-01-17,SALE0003,Sale on account,4000,0.0,297.2755156773549,Sales Revenue,Revenue,Credit
10,2025-01-17,SALE0003,Record cost of goods sold,1200,0.0,163.50153362254522,Inventory,Asset,Debit
10,2025-01-17,SALE0003,Record cost of goods sold,5000,163.50153362254522,0.0,Cost of Goods Sold,Expense,Debit
15,2025-01-19,SALE0006,Cash sale,1000,254.6262274754351,0.0,Cash,Asset,Debit
15,2025-01-19,SALE0006,Cash sale,4000,0.0,254.6262274754351,Sales Revenue,Revenue,Credit
16,2025-01-19,SALE0006,Record cost of goods sold,1200,0.0,140.04442511148932,Inventory,Asset,Debit
16,2025-01-19,SALE0006,Record cost of goods sold,5000,140.04442511148932,0.0,Cost of Goods Sold,Expense,Debit
23,2025-01-19,SALE0010,Cash sale,1000,200.6566530304624,0.0,Cash,Asset,Debit
23,2025-01-19,SALE0010,Cash sale,4000,0.0,200.6566530304624,Sales Revenue,Revenue,Credit
24,2025-01-19,SALE0010,Record cost of goods sold,1200,0.0,110.36115916675432,Inventory,Asset,Debit
24,2025-01-19,SALE0010,Record cost of goods sold,5000,110.36115916675432,0.0,Cost of Goods Sold,Expense,Debit
39,2025-01-19,SALE0018,Sale on account,1100,180.40183517249076,0.0,Accounts Receivable,Asset,Debit
39,2025-01-19,SALE0018,Sale on account,4000,0.0,180.40183517249076,Sales Revenue,Revenue,Credit
40,2025-01-19,SALE0018,Record cost of goods sold,1200,0.0,99.22100934486993,Inventory,Asset,Debit
40,2025-01-19,SALE0018,Record cost of goods sold,5000,99.22100934486993,0.0,Cost of Goods Sold,Expense,Debit
31,2025-01-21,SALE0014,Cash sale,1000,179.73461948955344,0.0,Cash,Asset,Debit
31,2025-01-21,SALE0014,Cash sale,4000,0.0,179.73461948955344,Sales Revenue,Revenue,Credit
32,2025-01-21,SALE0014,Record cost of goods sold,1200,0.0,98.8540407192544,Inventory,Asset,Debit
32,2025-01-21,SALE0014,Record cost of goods sold,5000,98.8540407192544,0.0,Cost of Goods Sold,Expense,Debit
17,2025-01-22,SALE0007,Sale on account,1100,181.81218121774117,0.0,Accounts Receivable,Asset,Debit
17,2025-01-22,SALE0007,Sale on account,4000,0.0,181.81218121774117,Sales Revenue,Revenue,Credit
18,2025-01-22,SALE0007,Record cost of goods sold,1200,0.0,99.99669966975765,Inventory,Asset,Debit
18,2025-01-22,SALE0007,Record cost of goods sold,5000,99.99669966975765,0.0,Cost of Goods Sold,Expense,Debit
11,2025-01-26,SALE0004,Sale on account,1100,231.6384651479568,0.0,Accounts Receivable,Asset,Debit
11,2025-01-26,SALE0004,Sale on account,4000,0.0,231.6384651479568,Sales Revenue,Revenue,Credit
12,2025-01-26,SALE0004,Record cost of goods sold,1200,0.0,127.40115583137624,Inventory,Asset,Debit
12,2025-01-26,SALE0004,Record cost of goods sold,5000,127.40115583137624,0.0,Cost of Goods Sold,Expense,Debit
19,2025-01-26,SALE0008,Sale on account,1100,252.5171332246176,0.0,Accounts Receivable,Asset,Debit
19,2025-01-26,SALE0008,Sale on account,4000,0.0,252.5171332246176,Sales Revenue,Revenue,Credit
20,2025-01-26,SALE0008,Record cost of goods sold,1200,0.0,138.88442327353968,Inventory,Asset,Debit
20,2025-01-26,SALE0008,Record cost of goods sold,5000,138.88442327353968,0.0,Cost of Goods Sold,Expense,Debit
41,2025-01-28,ARCOLL01,Collect on accounts receivable,1000,854.1967773718374,0.0,Cash,Asset,Debit
41,2025-01-28,ARCOLL01,Collect on accounts receivable,1100,0.0,854.1967773718374,Accounts Receivable,Asset,Debit
42,2025-01-28,APPAY01,Pay accounts payable,1000,0.0,1260.1855037656546,Cash,Asset,Debit
42,2025-01-28,APPAY01,Pay accounts payable,2000,1260.1855037656546,0.0,Accounts Payable,Liability,Credit
