month,line,amount
2025-01,Net Income,-2155.587256611428
2025-01,Change in Accounts Receivable,-569.4645182478915
2025-01,Change in Inventory,-560.9158328948329
2025-01,Change in Accounts Payable,1260.1855037656546
2025-01,Net Cash from Operations,-2025.782103988498
2025-01,Owner Contribution,5000.0
2025-01,Net Cash from Financing,5000.0
2025-01,Net Change in Cash,2974.217896011502
2025-01,Beginning Cash (assumed),0.0
2025-01,Ending Cash (from bridge),2974.217896011502
2025-01,Ending Cash (balance sheet),2974.2178960115025
