month,account_id,account_name,account_type,normal_side,debit,credit,ending_side,ending_balance
2025-01,1000,Cash,Asset,Debit,8509.923357350892,5535.705461339389,Debit,2974.2178960115025
2025-01,1100,Accounts Receivable,Asset,Debit,1423.661295619729,854.1967773718374,Debit,569.4645182478915
2025-01,1200,Inventory,Asset,Debit,2804.5791644741635,2243.6633315793306,Debit,560.9158328948329
2025-01,2000,Accounts Payable,Liability,Credit,1260.1855037656546,2520.3710075313093,Credit,1260.1855037656546
2025-01,3000,Owner Capital,Equity,Credit,0.0,5000.0,Credit,5000.0
2025-01,4000,Sales Revenue,Revenue,Credit,0.0,4079.387875598783,Credit,4079.387875598783
2025-01,5000,Cost of Goods Sold,Expense,Debit,2243.6633315793306,0.0,Debit,2243.6633315793306
2025-01,6100,Rent Expense,Expense,Debit,1400.0,0.0,Debit,1400.0
2025-01,6200,Utilities Expense,Expense,Debit,181.30430972627883,0.0,Debit,181.30430972627883
2025-01,6300,Payroll Expense,Expense,Debit,2410.0074909046016,0.0,Debit,2410.0074909046016
