account_id,account_name,account_type,normal_side
1000,Cash,Asset,Debit
1100,Accounts Receivable,Asset,Debit
1200,Inventory,Asset,Debit
1300,"Property, Plant & Equipment (Cost)",Asset,Debit
1350,Accumulated Depreciation,Contra Asset,Credit
2000,Accounts Payable,Liability,Credit
2100,Sales Tax Payable,Liability,Credit
2110,Wages Payable,Liability,Credit
2120,Payroll Taxes Payable,Liability,Credit
2200,Notes Payable,Liability,Credit
3000,Owner Capital,Equity,Credit
3100,"Retained Earnings (Cumulative, derived)",Equity,Credit
3200,Owner Draw,Equity,Debit
4000,Sales Revenue,Revenue,Credit
5000,Cost of Goods Sold,Expense,Debit
6100,Rent Expense,Expense,Debit
6200,Utilities Expense,Expense,Debit
6300,Payroll Expense,Expense,Debit
6400,Depreciation Expense,Expense,Debit
6500,Payroll Tax Expense,Expense,Debit
6600,Interest Expense,Expense,Debit
