{
  "dataset": "NSO_v1",
  "start_month": "2025-01",
  "n_months": 24,
  "seed": 123,
  "assumptions": {
    "teaching_month_days": 28,
    "pct_on_account": 0.35,
    "sales_tax_rate": 0.07,
    "inventory_system": "perpetual",
    "inventory_count_adjustment_every_months": 3,
    "depreciation_method": "straight-line",
    "payroll_lag_months": 1,
    "sales_tax_remit_lag_months": 1,
    "loan_origination_month_index": 1
  },
  "notes": [
    "Retained earnings is derived (cumulative net income) for teaching clarity; no closing entries are posted.",
    "Cash flow uses an indirect method bridge that includes working-capital changes for current payables.",
    "Subledgers are designed for tie-outs: payroll/tax/debt/equity/AP events link to GL via txn_id where applicable."
  ]
}