month,line,amount
2025-01,Sales Revenue,995.7561640566129
2025-01,Cost of Goods Sold,522.697230626753
2025-01,Gross Profit,473.05893342985985
2025-01,Operating Expenses,4584.5502465950185
2025-01,Net Income,-4111.491313165158
2025-02,Sales Revenue,951.1952011164659
2025-02,Cost of Goods Sold,545.5552048098708
2025-02,Gross Profit,405.6399963065951
2025-02,Operating Expenses,4873.99722774441
2025-02,Net Income,-4468.357231437815
2025-03,Sales Revenue,970.7810627560667
2025-03,Cost of Goods Sold,530.084963529136
2025-03,Gross Profit,440.69609922693076
2025-03,Operating Expenses,5088.612117289324
2025-03,Net Income,-4647.916018062393
2025-04,Sales Revenue,958.5096720116358
2025-04,Cost of Goods Sold,496.7358709847351
2025-04,Gross Profit,461.7738010269007
2025-04,Operating Expenses,4977.262918110618
2025-04,Net Income,-4515.489117083717
2025-05,Sales Revenue,971.3880517320067
2025-05,Cost of Goods Sold,539.9618299494081
2025-05,Gross Profit,431.42622178259865
2025-05,Operating Expenses,4919.80109525147
2025-05,Net Income,-4488.374873468871
2025-06,Sales Revenue,1014.529108651903
2025-06,Cost of Goods Sold,679.3783882476242
2025-06,Gross Profit,335.1507204042788
2025-06,Operating Expenses,4914.679149150418
2025-06,Net Income,-4579.528428746139
2025-07,Sales Revenue,869.1091468807209
2025-07,Cost of Goods Sold,436.9403777962534
2025-07,Gross Profit,432.1687690844675
2025-07,Operating Expenses,4948.16330696625
2025-07,Net Income,-4515.994537881783
2025-08,Sales Revenue,837.4929487353684
2025-08,Cost of Goods Sold,460.4851171486549
2025-08,Gross Profit,377.00783158671345
2025-08,Operating Expenses,5051.053566011415
2025-08,Net Income,-4674.045734424702
2025-09,Sales Revenue,1271.4987061558054
2025-09,Cost of Goods Sold,694.3373838258547
2025-09,Gross Profit,577.1613223299507
2025-09,Operating Expenses,4848.388269035238
2025-09,Net Income,-4271.226946705287
2025-10,Sales Revenue,916.7347748192838
2025-10,Cost of Goods Sold,474.01266267013494
2025-10,Gross Profit,442.7221121491488
2025-10,Operating Expenses,4693.689808679148
2025-10,Net Income,-4250.96769653
2025-11,Sales Revenue,948.4710118449487
2025-11,Cost of Goods Sold,516.1145368193995
2025-11,Gross Profit,432.35647502554923
2025-11,Operating Expenses,4737.053110102773
2025-11,Net Income,-4304.696635077224
2025-12,Sales Revenue,1051.7314781831578
2025-12,Cost of Goods Sold,592.1076589763958
2025-12,Gross Profit,459.62381920676205
2025-12,Operating Expenses,5183.362129446708
2025-12,Net Income,-4723.738310239946
2026-01,Sales Revenue,1131.0726851257746
2026-01,Cost of Goods Sold,608.3717757474585
2026-01,Gross Profit,522.700909378316
2026-01,Operating Expenses,4982.694287446799
2026-01,Net Income,-4459.993378068482
2026-02,Sales Revenue,1164.2348459629256
2026-02,Cost of Goods Sold,608.6451995735528
2026-02,Gross Profit,555.5896463893729
2026-02,Operating Expenses,5166.486651007366
2026-02,Net Income,-4610.897004617993
2026-03,Sales Revenue,1108.0576755301938
2026-03,Cost of Goods Sold,668.2474811445336
2026-03,Gross Profit,439.8101943856602
2026-03,Operating Expenses,5182.739301449609
2026-03,Net Income,-4742.929107063949
2026-04,Sales Revenue,809.2033222347318
2026-04,Cost of Goods Sold,492.92759249436267
2026-04,Gross Profit,316.2757297403691
2026-04,Operating Expenses,4845.692285192151
2026-04,Net Income,-4529.416555451782
2026-05,Sales Revenue,805.4772716585262
2026-05,Cost of Goods Sold,431.26775586275323
2026-05,Gross Profit,374.209515795773
2026-05,Operating Expenses,4875.043637868963
2026-05,Net Income,-4500.83412207319
2026-06,Sales Revenue,992.4006292781587
2026-06,Cost of Goods Sold,518.4025433511581
2026-06,Gross Profit,473.9980859270006
2026-06,Operating Expenses,4860.708600997786
2026-06,Net Income,-4386.710515070785
2026-07,Sales Revenue,801.0999859680655
2026-07,Cost of Goods Sold,433.293792010249
2026-07,Gross Profit,367.80619395781656
2026-07,Operating Expenses,4899.825508206958
2026-07,Net Income,-4532.019314249142
2026-08,Sales Revenue,985.2899927238986
2026-08,Cost of Goods Sold,549.1113071201675
2026-08,Gross Profit,436.1786856037312
2026-08,Operating Expenses,4980.779572565713
2026-08,Net Income,-4544.600886961982
2026-09,Sales Revenue,782.8187471164961
2026-09,Cost of Goods Sold,385.8929477467671
2026-09,Gross Profit,396.92579936972896
2026-09,Operating Expenses,4884.254413620732
2026-09,Net Income,-4487.328614251002
2026-10,Sales Revenue,1009.289917015868
2026-10,Cost of Goods Sold,515.8126330796633
2026-10,Gross Profit,493.4772839362047
2026-10,Operating Expenses,4609.258335182621
2026-10,Net Income,-4115.781051246416
2026-11,Sales Revenue,1205.8710240253117
2026-11,Cost of Goods Sold,642.2076106495048
2026-11,Gross Profit,563.663413375807
2026-11,Operating Expenses,4688.521953636165
2026-11,Net Income,-4124.858540260358
2026-12,Sales Revenue,689.8557544057833
2026-12,Cost of Goods Sold,437.80513827306174
2026-12,Gross Profit,252.05061613272153
2026-12,Operating Expenses,4674.234036310709
2026-12,Net Income,-4422.1834201779875
