month,line,amount
2025-01,Cash,23775.24223941272
2025-01,Accounts Receivable,78.46343550878356
2025-01,Inventory,-270.2108802110132
2025-01,PP&E (Cost),0.0
2025-01,Accumulated Depreciation,-0.0
2025-01,Net PP&E,0.0
2025-01,Total Assets,23583.494794710492
2025-01,Accounts Payable,74.42549343972482
2025-01,Sales Tax Payable,69.7029314839629
2025-01,Wages Payable,2125.7147357933018
2025-01,Payroll Taxes Payable,425.1429471586604
2025-01,Notes Payable,0.0
2025-01,Total Liabilities,2694.98610787565
2025-01,Owner Capital,25000.0
2025-01,Owner Draw,-0.0
2025-01,"Retained Earnings (Cumulative, derived)",-4111.491313165158
2025-01,Total Equity,20888.50868683484
2025-01,Total Liabilities + Equity,23583.494794710492
2025-02,Cash,27706.602723551183
2025-02,Accounts Receivable,245.1958092857842
2025-02,Inventory,-564.4225708623085
2025-02,PP&E (Cost),12000.0
2025-02,Accumulated Depreciation,-166.66666666666666
2025-02,Net PP&E,11833.333333333334
2025-02,Total Assets,39220.70929530799
2025-02,Accounts Payable,74.42549343972482
2025-02,Sales Tax Payable,66.58366407815261
2025-02,Wages Payable,2216.2905686609074
2025-02,Payroll Taxes Payable,443.2581137321814
2025-02,Notes Payable,20000.0
2025-02,Total Liabilities,22800.557839910965
2025-02,Owner Capital,25000.0
2025-02,Owner Draw,-0.0
2025-02,"Retained Earnings (Cumulative, derived)",-8579.848544602974
2025-02,Total Equity,16420.151455397026
2025-02,Total Liabilities + Equity,39220.70929530799
2025-03,Cash,18492.96408643107
2025-03,Accounts Receivable,371.49596615333485
2025-03,Inventory,-902.0592227875467
2025-03,PP&E (Cost),12000.0
2025-03,Accumulated Depreciation,-333.3333333333333
2025-03,Net PP&E,11666.666666666666
2025-03,Total Assets,29629.06749646353
2025-03,Accounts Payable,170.64964924167376
2025-03,Sales Tax Payable,67.95467439292469
2025-03,Wages Payable,2181.856446245243
2025-03,Payroll Taxes Payable,436.3712892490486
2025-03,Notes Payable,15000.0
2025-03,Total Liabilities,17856.83205912889
2025-03,Owner Capital,25000.0
2025-03,Owner Draw,-0.0
2025-03,"Retained Earnings (Cumulative, derived)",-13227.764562665367
2025-03,Total Equity,11772.235437334633
2025-03,Total Liabilities + Equity,29629.067496463525
2025-04,Cash,7680.130545939268
2025-04,Accounts Receivable,540.4120679435657
2025-04,Inventory,-1270.652188656301
2025-04,PP&E (Cost),13800.0
2025-04,Accumulated Depreciation,-550.0
2025-04,Net PP&E,13250.0
2025-04,Total Assets,20199.890425226535
2025-04,Accounts Payable,223.3593425899948
2025-04,Sales Tax Payable,67.09567704081451
2025-04,Wages Payable,2210.5742377873376
2025-04,Payroll Taxes Payable,442.11484755746733
2025-04,Notes Payable,10000.0
2025-04,Total Liabilities,12943.144104975614
2025-04,Owner Capital,25000.0
2025-04,Owner Draw,-0.0
2025-04,"Retained Earnings (Cumulative, derived)",-17743.253679749083
2025-04,Total Equity,7256.746320250917
2025-04,Total Liabilities + Equity,20199.89042522653
2025-05,Cash,-1319.5608677081764
2025-05,Accounts Receivable,694.0724016289855
2025-05,Inventory,-1640.8105600446938
2025-05,PP&E (Cost),13800.0
2025-05,Accumulated Depreciation,-766.6666666666666
2025-05,Net PP&E,13033.333333333334
2025-05,Total Assets,10767.03430720945
2025-05,Accounts Payable,308.2610718705024
2025-05,Sales Tax Payable,67.99716362124047
2025-05,Wages Payable,2185.337187446381
2025-05,Payroll Taxes Payable,437.0674374892765
2025-05,Notes Payable,5000.0
2025-05,Total Liabilities,7998.662860427401
2025-05,Owner Capital,25000.0
2025-05,Owner Draw,-0.0
2025-05,"Retained Earnings (Cumulative, derived)",-22231.628553217954
2025-05,Total Equity,2768.3714467820464
2025-05,Total Liabilities + Equity,10767.034307209447
2025-06,Cash,-11478.978291963926
2025-06,Accounts Receivable,857.0131514780289
2025-06,Inventory,-2089.054741074354
2025-06,PP&E (Cost),13800.0
2025-06,Accumulated Depreciation,-983.3333333333333
2025-06,Net PP&E,12816.666666666666
2025-06,Total Assets,105.64678510641784
2025-06,Accounts Payable,308.2610718705024
2025-06,Sales Tax Payable,71.01703760563322
2025-06,Wages Payable,2114.6047146619767
2025-06,Payroll Taxes Payable,422.92094293239506
2025-06,Notes Payable,-0.0
2025-06,Total Liabilities,2916.8037670705075
2025-06,Owner Capital,25000.0
2025-06,Owner Draw,-1000.0
2025-06,"Retained Earnings (Cumulative, derived)",-26811.156981964094
2025-06,Total Equity,-2811.1569819640936
2025-06,Total Liabilities + Equity,105.64678510641397
2025-07,Cash,-15697.851708800954
2025-07,Accounts Receivable,1030.0990963740892
2025-07,Inventory,-2261.3029918212014
2025-07,PP&E (Cost),13800.0
2025-07,Accumulated Depreciation,-1200.0
2025-07,Net PP&E,12600.0
2025-07,Total Assets,-4329.0556042480675
2025-07,Accounts Payable,359.30533218433067
2025-07,Sales Tax Payable,60.837640281650465
2025-07,Wages Payable,2148.2941192765284
2025-07,Payroll Taxes Payable,429.65882385530585
2025-07,Notes Payable,-0.0
2025-07,Total Liabilities,2998.0959155978153
2025-07,Owner Capital,25000.0
2025-07,Owner Draw,-1000.0
2025-07,"Retained Earnings (Cumulative, derived)",-31327.151519845876
2025-07,Total Equity,-7327.1515198458765
2025-07,Total Liabilities + Equity,-4329.055604248061
2025-08,Cash,-19903.653987411402
2025-08,Accounts Receivable,1219.84181168878
2025-08,Inventory,-2564.7826532331705
2025-08,PP&E (Cost),13800.0
2025-08,Accumulated Depreciation,-1416.6666666666665
2025-08,Net PP&E,12383.333333333334
2025-08,Total Assets,-8865.261495622459
2025-08,Accounts Payable,403.17913905313856
2025-08,Sales Tax Payable,58.62450641147575
2025-08,Wages Payable,2228.443427652928
2025-08,Payroll Taxes Payable,445.6886855305852
2025-08,Notes Payable,-0.0
2025-08,Total Liabilities,3135.935758648128
2025-08,Owner Capital,25000.0
2025-08,Owner Draw,-1000.0
2025-08,"Retained Earnings (Cumulative, derived)",-36001.19725427058
2025-08,Total Equity,-12001.197254270577
2025-08,Total Liabilities + Equity,-8865.26149562245
2025-09,Cash,-23948.442855530324
2025-09,Accounts Receivable,1600.8278429729562
2025-09,Inventory,-2960.0586724858567
2025-09,PP&E (Cost),13800.0
2025-09,Accumulated Depreciation,-1633.3333333333333
2025-09,Net PP&E,12166.666666666666
2025-09,Total Assets,-13141.007018376562
2025-09,Accounts Payable,451.90850620959384
2025-09,Sales Tax Payable,89.00490943090642
2025-09,Wages Payable,2158.7531391323428
2025-09,Payroll Taxes Payable,431.75062782646864
2025-09,Notes Payable,-0.0
2025-09,Total Liabilities,3131.4171825993117
2025-09,Owner Capital,25000.0
2025-09,Owner Draw,-1000.0
2025-09,"Retained Earnings (Cumulative, derived)",-40272.42420097587
2025-09,Total Equity,-16272.424200975867
2025-09,Total Liabilities + Equity,-13141.007018376557
2025-10,Cash,-28068.37577551807
2025-10,Accounts Receivable,1826.0008268332076
2025-10,Inventory,-3193.16431215381
2025-10,PP&E (Cost),13800.0
2025-10,Accumulated Depreciation,-1850.0
2025-10,Net PP&E,11950.0
2025-10,Total Assets,-17485.539260838672
2025-10,Accounts Payable,508.8867252705668
2025-10,Sales Tax Payable,64.1714342373499
2025-10,Wages Payable,2053.9953976327233
2025-10,Payroll Taxes Payable,410.7990795265446
2025-10,Notes Payable,-0.0
2025-10,Total Liabilities,3037.8526366671845
2025-10,Owner Capital,25000.0
2025-10,Owner Draw,-1000.0
2025-10,"Retained Earnings (Cumulative, derived)",-44523.39189750587
2025-10,Total Equity,-20523.39189750587
2025-10,Total Liabilities + Equity,-17485.539260838686
2025-11,Cash,-31715.04510245988
2025-11,Accounts Receivable,1886.4717642458045
2025-11,Inventory,-3545.977539741284
2025-11,PP&E (Cost),13800.0
2025-11,Accumulated Depreciation,-2066.6666666666665
2025-11,Net PP&E,11733.333333333334
2025-11,Total Assets,-21641.217544622024
2025-11,Accounts Payable,553.8178066652977
2025-11,Sales Tax Payable,66.3929708291464
2025-11,Wages Payable,2138.883508722174
2025-11,Payroll Taxes Payable,427.77670174443483
2025-11,Notes Payable,-0.0
2025-11,Total Liabilities,3186.8709879610533
2025-11,Owner Capital,25000.0
2025-11,Owner Draw,-1000.0
2025-11,"Retained Earnings (Cumulative, derived)",-48828.08853258309
2025-11,Total Equity,-24828.08853258309
2025-11,Total Liabilities + Equity,-21641.217544622035
2025-12,Cash,-36579.48997521964
2025-12,Accounts Receivable,2045.466280746883
2025-12,Inventory,-3852.90774371942
2025-12,PP&E (Cost),13800.0
2025-12,Accumulated Depreciation,-2283.333333333333
2025-12,Net PP&E,11516.666666666668
2025-12,Total Assets,-26870.26477152551
2025-12,Accounts Payable,696.4065341644279
2025-12,Sales Tax Payable,73.6212034728211
2025-12,Wages Payable,2426.2786113835573
2025-12,Payroll Taxes Payable,485.2557222767118
2025-12,Notes Payable,-0.0
2025-12,Total Liabilities,3681.562071297518
2025-12,Owner Capital,25000.0
2025-12,Owner Draw,-2000.0
2025-12,"Retained Earnings (Cumulative, derived)",-53551.82684282304
2025-12,Total Equity,-30551.826842823037
2025-12,Total Liabilities + Equity,-26870.26477152552
2026-01,Cash,-40673.299895027936
2026-01,Accounts Receivable,2093.631467563624
2026-01,Inventory,-4255.163554455026
2026-01,PP&E (Cost),13800.0
2026-01,Accumulated Depreciation,-2500.0
2026-01,Net PP&E,11300.0
2026-01,Total Assets,-31534.831981919342
2026-01,Accounts Payable,762.4640484293816
2026-01,Sales Tax Payable,79.17508795880428
2026-01,Wages Payable,2196.124252153324
2026-01,Payroll Taxes Payable,439.22485043066445
2026-01,Notes Payable,-0.0
2026-01,Total Liabilities,3476.9882389721743
2026-01,Owner Capital,25000.0
2026-01,Owner Draw,-2000.0
2026-01,"Retained Earnings (Cumulative, derived)",-58011.82022089152
2026-01,Total Equity,-35011.82022089152
2026-01,Total Liabilities + Equity,-31534.831981919342
2026-02,Cash,-44579.36485273434
2026-02,Accounts Receivable,2251.7347971954305
2026-02,Inventory,-4571.7383220497995
2026-02,PP&E (Cost),13800.0
2026-02,Accumulated Depreciation,-2716.6666666666665
2026-02,Net PP&E,11083.333333333334
2026-02,Total Assets,-35816.035044255375
2026-02,Accounts Payable,814.378794323541
2026-02,Sales Tax Payable,81.49643921740483
2026-02,Wages Payable,2425.6724564276665
2026-02,Payroll Taxes Payable,485.134491285532
2026-02,Notes Payable,-0.0
2026-02,Total Liabilities,3806.6821812541443
2026-02,Owner Capital,25000.0
2026-02,Owner Draw,-2000.0
2026-02,"Retained Earnings (Cumulative, derived)",-62622.71722550951
2026-02,Total Equity,-39622.71722550951
2026-02,Total Liabilities + Equity,-35816.03504425536
2026-03,Cash,-48692.11129601347
2026-03,Accounts Receivable,2399.796341149322
2026-03,Inventory,-5097.928049436552
2026-03,PP&E (Cost),13800.0
2026-03,Accumulated Depreciation,-2933.333333333333
2026-03,Net PP&E,10866.666666666668
2026-03,Total Assets,-40523.57633763404
2026-03,Accounts Payable,846.7511205336507
2026-03,Sales Tax Payable,77.56403728711348
2026-03,Wages Payable,2431.4623642655497
2026-03,Payroll Taxes Payable,486.29247285310976
2026-03,Notes Payable,-0.0
2026-03,Total Liabilities,3842.069994939424
2026-03,Owner Capital,25000.0
2026-03,Owner Draw,-2000.0
2026-03,"Retained Earnings (Cumulative, derived)",-67365.64633257345
2026-03,Total Equity,-44365.64633257345
2026-03,Total Liabilities + Equity,-40523.576337634026
2026-04,Cash,-53167.395715918894
2026-04,Accounts Receivable,2619.6957660479206
2026-04,Inventory,-5398.895547740123
2026-04,PP&E (Cost),13800.0
2026-04,Accumulated Depreciation,-3150.0
2026-04,Net PP&E,10650.0
2026-04,Total Assets,-45296.595497611095
2026-04,Accounts Payable,942.7311676290464
2026-04,Sales Tax Payable,56.644232556431234
2026-04,Wages Payable,2165.9099918572174
2026-04,Payroll Taxes Payable,433.1819983714431
2026-04,Notes Payable,-0.0
2026-04,Total Liabilities,3598.467390414138
2026-04,Owner Capital,25000.0
2026-04,Owner Draw,-2000.0
2026-04,"Retained Earnings (Cumulative, derived)",-71895.06288802523
2026-04,Total Equity,-48895.06288802523
2026-04,Total Liabilities + Equity,-45296.595497611095
2026-05,Cash,-57213.82931909888
2026-05,Accounts Receivable,2723.294794072629
2026-05,Inventory,-5583.254328870454
2026-05,PP&E (Cost),13800.0
2026-05,Accumulated Depreciation,-3366.6666666666665
2026-05,Net PP&E,10433.333333333334
2026-05,Total Assets,-49640.455520563366
2026-05,Accounts Payable,1066.1856549952577
2026-05,Sales Tax Payable,56.38340901609695
2026-05,Wages Payable,2194.0603546030834
2026-05,Payroll Taxes Payable,438.81207092061686
2026-05,Notes Payable,-0.0
2026-05,Total Liabilities,3755.4414895350546
2026-05,Owner Capital,25000.0
2026-05,Owner Draw,-2000.0
2026-05,"Retained Earnings (Cumulative, derived)",-76395.89701009843
2026-05,Total Equity,-53395.89701009843
2026-05,Total Liabilities + Equity,-49640.45552056337
2026-06,Cash,-62095.960084191676
2026-06,Accounts Receivable,2850.893042090388
2026-06,Inventory,-5982.124722048695
2026-06,PP&E (Cost),13800.0
2026-06,Accumulated Depreciation,-3583.333333333333
2026-06,Net PP&E,10216.666666666668
2026-06,Total Assets,-55010.525097483325
2026-06,Accounts Payable,1125.9517300817158
2026-06,Sales Tax Payable,69.46804404947102
2026-06,Wages Payable,2147.2188779622593
2026-06,Payroll Taxes Payable,429.44377559245186
2026-06,Notes Payable,-0.0
2026-06,Total Liabilities,3772.082427685898
2026-06,Owner Capital,25000.0
2026-06,Owner Draw,-3000.0
2026-06,"Retained Earnings (Cumulative, derived)",-80782.60752516921
2026-06,Total Equity,-58782.60752516921
2026-06,Total Liabilities + Equity,-55010.52509748331
2026-07,Cash,-66208.51729540358
2026-07,Accounts Receivable,2942.0253950863726
2026-07,Inventory,-6179.847635765378
2026-07,PP&E (Cost),13800.0
2026-07,Accumulated Depreciation,-3800.0
2026-07,Net PP&E,10000.0
2026-07,Total Assets,-59446.33953608258
2026-07,Accounts Payable,1156.3056849848438
2026-07,Sales Tax Payable,56.07699901776459
2026-07,Wages Payable,2213.2538494442997
2026-07,Payroll Taxes Payable,442.65076988885903
2026-07,Notes Payable,-0.0
2026-07,Total Liabilities,3868.2873033357673
2026-07,Owner Capital,25000.0
2026-07,Owner Draw,-3000.0
2026-07,"Retained Earnings (Cumulative, derived)",-85314.62683941836
2026-07,Total Equity,-63314.62683941836
2026-07,Total Liabilities + Equity,-59446.33953608259
2026-08,Cash,-70268.96468117076
2026-08,Accounts Receivable,3064.7563349961747
2026-08,Inventory,-6493.762112666997
2026-08,PP&E (Cost),13800.0
2026-08,Accumulated Depreciation,-4016.6666666666665
2026-08,Net PP&E,9783.333333333334
2026-08,Total Assets,-63914.637125508256
2026-08,Accounts Payable,1156.3056849848438
2026-08,Sales Tax Payable,68.97029949067291
2026-08,Wages Payable,2266.0955136638004
2026-08,Payroll Taxes Payable,453.2191027327608
2026-08,Notes Payable,-0.0
2026-08,Total Liabilities,3944.5906008720776
2026-08,Owner Capital,25000.0
2026-08,Owner Draw,-3000.0
2026-08,"Retained Earnings (Cumulative, derived)",-89859.22772638034
2026-08,Total Equity,-67859.22772638034
2026-08,Total Liabilities + Equity,-63914.63712550826
2026-09,Cash,-74454.48047255065
2026-09,Accounts Receivable,3186.1074238777865
2026-09,Inventory,-6691.680416466352
2026-09,PP&E (Cost),13800.0
2026-09,Accumulated Depreciation,-4233.333333333333
2026-09,Net PP&E,9566.666666666668
2026-09,Total Assets,-68393.38679847255
2026-09,Accounts Payable,1250.29300695855
2026-09,Sales Tax Payable,54.79731229815479
2026-09,Wages Payable,2206.732685751733
2026-09,Payroll Taxes Payable,441.3465371503462
2026-09,Notes Payable,-0.0
2026-09,Total Liabilities,3953.1695421587838
2026-09,Owner Capital,25000.0
2026-09,Owner Draw,-3000.0
2026-09,"Retained Earnings (Cumulative, derived)",-94346.55634063134
2026-09,Total Equity,-72346.55634063134
2026-09,Total Liabilities + Equity,-68393.38679847257
2026-10,Cash,-78274.11314234053
2026-10,Accounts Receivable,3307.3510395019666
2026-10,Inventory,-7158.207632744223
2026-10,PP&E (Cost),13800.0
2026-10,Accumulated Depreciation,-4450.0
2026-10,Net PP&E,9350.0
2026-10,Total Assets,-72774.96973558278
2026-10,Accounts Payable,1261.1497905466106
2026-10,Sales Tax Payable,70.65029419111079
2026-10,Wages Payable,1962.9729762977004
2026-10,Payroll Taxes Payable,392.59459525954117
2026-10,Notes Payable,-0.0
2026-10,Total Liabilities,3687.367656294963
2026-10,Owner Capital,25000.0
2026-10,Owner Draw,-3000.0
2026-10,"Retained Earnings (Cumulative, derived)",-98462.33739187777
2026-10,Total Equity,-76462.33739187777
2026-10,Total Liabilities + Equity,-72774.9697355828
2026-11,Cash,-81943.15983908773
2026-11,Accounts Receivable,3536.8030341615104
2026-11,Inventory,-7602.058164678135
2026-11,PP&E (Cost),13800.0
2026-11,Accumulated Depreciation,-4666.666666666666
2026-11,Net PP&E,9133.333333333334
2026-11,Total Assets,-76875.08163627103
2026-11,Accounts Payable,1314.067049155973
2026-11,Sales Tax Payable,84.4109716817718
2026-11,Wages Payable,1928.0302291911212
2026-11,Payroll Taxes Payable,385.6060458382235
2026-11,Notes Payable,-0.0
2026-11,Total Liabilities,3712.11429586709
2026-11,Owner Capital,25000.0
2026-11,Owner Draw,-3000.0
2026-11,"Retained Earnings (Cumulative, derived)",-102587.19593213813
2026-11,Total Equity,-80587.19593213813
2026-11,Total Liabilities + Equity,-76875.08163627103
2026-12,Cash,-86825.04946752412
2026-12,Accounts Receivable,3702.0237190138414
2026-12,Inventory,-7906.56320917657
2026-12,PP&E (Cost),13800.0
2026-12,Accumulated Depreciation,-4883.333333333333
2026-12,Net PP&E,8916.666666666668
2026-12,Total Assets,-82112.92229102018
2026-12,Accounts Payable,1349.3626924454313
2026-12,Sales Tax Payable,48.289902808404804
2026-12,Wages Payable,2082.337055035059
2026-12,Payroll Taxes Payable,416.46741100701183
2026-12,Notes Payable,-0.0
2026-12,Total Liabilities,3896.457061295907
2026-12,Owner Capital,25000.0
2026-12,Owner Draw,-4000.0
2026-12,"Retained Earnings (Cumulative, derived)",-107009.37935231611
2026-12,Total Equity,-86009.37935231611
2026-12,Total Liabilities + Equity,-82112.92229102021
