month,line,amount
2025-01,Net Income,-4111.491313165158
2025-01,Add back Depreciation,0.0
2025-01,Change in Accounts Receivable,-78.46343550878356
2025-01,Change in Inventory,270.2108802110132
2025-01,Change in Accounts Payable,74.42549343972482
2025-01,Change in Sales Tax Payable,69.7029314839629
2025-01,Change in Wages Payable,2125.7147357933018
2025-01,Change in Payroll Taxes Payable,425.1429471586604
2025-01,Net Cash from Operations,-1224.7577605872789
2025-01,Capital Expenditures (cash),-0.0
2025-01,Net Cash from Investing,-0.0
2025-01,Owner Contribution,25000.0
2025-01,Owner Draw (cash),-0.0
2025-01,Net Borrowings (Δ Notes Payable),0.0
2025-01,Net Cash from Financing,25000.0
2025-01,Net Change in Cash,23775.24223941272
2025-01,Beginning Cash,0.0
2025-01,Ending Cash (from bridge),23775.24223941272
2025-01,Ending Cash (balance sheet),23775.24223941272
2025-02,Net Income,-4468.357231437815
2025-02,Add back Depreciation,166.66666666666666
2025-02,Change in Accounts Receivable,-166.73237377700065
2025-02,Change in Inventory,294.21169065129527
2025-02,Change in Accounts Payable,0.0
2025-02,Change in Sales Tax Payable,-3.119267405810291
2025-02,Change in Wages Payable,90.57583286760564
2025-02,Change in Payroll Taxes Payable,18.115166573521037
2025-02,Net Cash from Operations,-4068.6395158615364
2025-02,Capital Expenditures (cash),-12000.0
2025-02,Net Cash from Investing,-12000.0
2025-02,Owner Contribution,0.0
2025-02,Owner Draw (cash),-0.0
2025-02,Net Borrowings (Δ Notes Payable),20000.0
2025-02,Net Cash from Financing,20000.0
2025-02,Net Change in Cash,3931.360484138464
2025-02,Beginning Cash,23775.24223941272
2025-02,Ending Cash (from bridge),27706.602723551187
2025-02,Ending Cash (balance sheet),27706.602723551183
2025-03,Net Income,-4647.916018062393
2025-03,Add back Depreciation,166.66666666666666
2025-03,Change in Accounts Receivable,-126.30015686755064
2025-03,Change in Inventory,337.6366519252382
2025-03,Change in Accounts Payable,96.22415580194894
2025-03,Change in Sales Tax Payable,1.3710103147720787
2025-03,Change in Wages Payable,-34.434122415664206
2025-03,Change in Payroll Taxes Payable,-6.886824483132841
2025-03,Net Cash from Operations,-4213.638637120115
2025-03,Capital Expenditures (cash),-0.0
2025-03,Net Cash from Investing,-0.0
2025-03,Owner Contribution,0.0
2025-03,Owner Draw (cash),-0.0
2025-03,Net Borrowings (Δ Notes Payable),-5000.0
2025-03,Net Cash from Financing,-5000.0
2025-03,Net Change in Cash,-9213.638637120115
2025-03,Beginning Cash,27706.602723551183
2025-03,Ending Cash (from bridge),18492.964086431068
2025-03,Ending Cash (balance sheet),18492.96408643107
2025-04,Net Income,-4515.489117083717
2025-04,Add back Depreciation,216.66666666666666
2025-04,Change in Accounts Receivable,-168.91610179023087
2025-04,Change in Inventory,368.5929658687543
2025-04,Change in Accounts Payable,52.70969334832105
2025-04,Change in Sales Tax Payable,-0.8589973521101797
2025-04,Change in Wages Payable,28.717791542094346
2025-04,Change in Payroll Taxes Payable,5.743558308418756
2025-04,Net Cash from Operations,-4012.833540491802
2025-04,Capital Expenditures (cash),-1800.0
2025-04,Net Cash from Investing,-1800.0
2025-04,Owner Contribution,0.0
2025-04,Owner Draw (cash),-0.0
2025-04,Net Borrowings (Δ Notes Payable),-5000.0
2025-04,Net Cash from Financing,-5000.0
2025-04,Net Change in Cash,-10812.833540491802
2025-04,Beginning Cash,18492.96408643107
2025-04,Ending Cash (from bridge),7680.13054593927
2025-04,Ending Cash (balance sheet),7680.130545939268
2025-05,Net Income,-4488.374873468871
2025-05,Add back Depreciation,216.66666666666666
2025-05,Change in Accounts Receivable,-153.6603336854198
2025-05,Change in Inventory,370.1583713883929
2025-05,Change in Accounts Payable,84.9017292805076
2025-05,Change in Sales Tax Payable,0.9014865804259671
2025-05,Change in Wages Payable,-25.237050340956557
2025-05,Change in Payroll Taxes Payable,-5.047410068190857
2025-05,Net Cash from Operations,-3999.6914136474443
2025-05,Capital Expenditures (cash),-0.0
2025-05,Net Cash from Investing,-0.0
2025-05,Owner Contribution,0.0
2025-05,Owner Draw (cash),-0.0
2025-05,Net Borrowings (Δ Notes Payable),-5000.0
2025-05,Net Cash from Financing,-5000.0
2025-05,Net Change in Cash,-8999.691413647444
2025-05,Beginning Cash,7680.130545939268
2025-05,Ending Cash (from bridge),-1319.5608677081764
2025-05,Ending Cash (balance sheet),-1319.5608677081764
2025-06,Net Income,-4579.528428746139
2025-06,Add back Depreciation,216.66666666666666
2025-06,Change in Accounts Receivable,-162.9407498490434
2025-06,Change in Inventory,448.24418102966
2025-06,Change in Accounts Payable,0.0
2025-06,Change in Sales Tax Payable,3.0198739843927456
2025-06,Change in Wages Payable,-70.73247278440431
2025-06,Change in Payroll Taxes Payable,-14.146494556881407
2025-06,Net Cash from Operations,-4159.417424255748
2025-06,Capital Expenditures (cash),-0.0
2025-06,Net Cash from Investing,-0.0
2025-06,Owner Contribution,0.0
2025-06,Owner Draw (cash),-1000.0
2025-06,Net Borrowings (Δ Notes Payable),-5000.0
2025-06,Net Cash from Financing,-6000.0
2025-06,Net Change in Cash,-10159.41742425575
2025-06,Beginning Cash,-1319.5608677081764
2025-06,Ending Cash (from bridge),-11478.978291963926
2025-06,Ending Cash (balance sheet),-11478.978291963926
2025-07,Net Income,-4515.994537881783
2025-07,Add back Depreciation,216.66666666666666
2025-07,Change in Accounts Receivable,-173.08594489606025
2025-07,Change in Inventory,172.2482507468476
2025-07,Change in Accounts Payable,51.04426031382826
2025-07,Change in Sales Tax Payable,-10.179397323982755
2025-07,Change in Wages Payable,33.68940461455168
2025-07,Change in Payroll Taxes Payable,6.73788092291079
2025-07,Net Cash from Operations,-4218.873416837021
2025-07,Capital Expenditures (cash),-0.0
2025-07,Net Cash from Investing,-0.0
2025-07,Owner Contribution,0.0
2025-07,Owner Draw (cash),-0.0
2025-07,Net Borrowings (Δ Notes Payable),0.0
2025-07,Net Cash from Financing,0.0
2025-07,Net Change in Cash,-4218.873416837021
2025-07,Beginning Cash,-11478.978291963926
2025-07,Ending Cash (from bridge),-15697.851708800947
2025-07,Ending Cash (balance sheet),-15697.851708800954
2025-08,Net Income,-4674.045734424702
2025-08,Add back Depreciation,216.66666666666666
2025-08,Change in Accounts Receivable,-189.7427153146907
2025-08,Change in Inventory,303.4796614119691
2025-08,Change in Accounts Payable,43.87380686880789
2025-08,Change in Sales Tax Payable,-2.2131338701747154
2025-08,Change in Wages Payable,80.14930837639986
2025-08,Change in Payroll Taxes Payable,16.029861675279335
2025-08,Net Cash from Operations,-4205.802278610443
2025-08,Capital Expenditures (cash),-0.0
2025-08,Net Cash from Investing,-0.0
2025-08,Owner Contribution,0.0
2025-08,Owner Draw (cash),-0.0
2025-08,Net Borrowings (Δ Notes Payable),0.0
2025-08,Net Cash from Financing,0.0
2025-08,Net Change in Cash,-4205.802278610443
2025-08,Beginning Cash,-15697.851708800954
2025-08,Ending Cash (from bridge),-19903.653987411395
2025-08,Ending Cash (balance sheet),-19903.653987411402
2025-09,Net Income,-4271.226946705287
2025-09,Add back Depreciation,216.66666666666666
2025-09,Change in Accounts Receivable,-380.9860312841763
2025-09,Change in Inventory,395.2760192526862
2025-09,Change in Accounts Payable,48.72936715645528
2025-09,Change in Sales Tax Payable,30.380403019430673
2025-09,Change in Wages Payable,-69.69028852058545
2025-09,Change in Payroll Taxes Payable,-13.938057704116545
2025-09,Net Cash from Operations,-4044.788868118927
2025-09,Capital Expenditures (cash),-0.0
2025-09,Net Cash from Investing,-0.0
2025-09,Owner Contribution,0.0
2025-09,Owner Draw (cash),-0.0
2025-09,Net Borrowings (Δ Notes Payable),0.0
2025-09,Net Cash from Financing,0.0
2025-09,Net Change in Cash,-4044.788868118927
2025-09,Beginning Cash,-19903.653987411402
2025-09,Ending Cash (from bridge),-23948.44285553033
2025-09,Ending Cash (balance sheet),-23948.442855530324
2025-10,Net Income,-4250.96769653
2025-10,Add back Depreciation,216.66666666666666
2025-10,Change in Accounts Receivable,-225.1729838602514
2025-10,Change in Inventory,233.10563966795326
2025-10,Change in Accounts Payable,56.97821906097295
2025-10,Change in Sales Tax Payable,-24.833475193556524
2025-10,Change in Wages Payable,-104.75774149961944
2025-10,Change in Payroll Taxes Payable,-20.95154829992407
2025-10,Net Cash from Operations,-4119.9329199877575
2025-10,Capital Expenditures (cash),-0.0
2025-10,Net Cash from Investing,-0.0
2025-10,Owner Contribution,0.0
2025-10,Owner Draw (cash),-0.0
2025-10,Net Borrowings (Δ Notes Payable),0.0
2025-10,Net Cash from Financing,0.0
2025-10,Net Change in Cash,-4119.9329199877575
2025-10,Beginning Cash,-23948.442855530324
2025-10,Ending Cash (from bridge),-28068.37577551808
2025-10,Ending Cash (balance sheet),-28068.37577551807
2025-11,Net Income,-4304.696635077224
2025-11,Add back Depreciation,216.66666666666666
2025-11,Change in Accounts Receivable,-60.47093741259687
2025-11,Change in Inventory,352.8132275874741
2025-11,Change in Accounts Payable,44.93108139473088
2025-11,Change in Sales Tax Payable,2.2215365917965073
2025-11,Change in Wages Payable,84.88811108945083
2025-11,Change in Payroll Taxes Payable,16.977622217890257
2025-11,Net Cash from Operations,-3646.669326941811
2025-11,Capital Expenditures (cash),-0.0
2025-11,Net Cash from Investing,-0.0
2025-11,Owner Contribution,0.0
2025-11,Owner Draw (cash),-0.0
2025-11,Net Borrowings (Δ Notes Payable),0.0
2025-11,Net Cash from Financing,0.0
2025-11,Net Change in Cash,-3646.669326941811
2025-11,Beginning Cash,-28068.37577551807
2025-11,Ending Cash (from bridge),-31715.04510245988
2025-11,Ending Cash (balance sheet),-31715.04510245988
2025-12,Net Income,-4723.738310239946
2025-12,Add back Depreciation,216.66666666666666
2025-12,Change in Accounts Receivable,-158.99451650107858
2025-12,Change in Inventory,306.930203978136
2025-12,Change in Accounts Payable,142.5887274991302
2025-12,Change in Sales Tax Payable,7.228232643674687
2025-12,Change in Wages Payable,287.39510266138313
2025-12,Change in Payroll Taxes Payable,57.47902053227699
2025-12,Net Cash from Operations,-3864.4448727597573
2025-12,Capital Expenditures (cash),-0.0
2025-12,Net Cash from Investing,-0.0
2025-12,Owner Contribution,0.0
2025-12,Owner Draw (cash),-1000.0
2025-12,Net Borrowings (Δ Notes Payable),0.0
2025-12,Net Cash from Financing,-1000.0
2025-12,Net Change in Cash,-4864.444872759757
2025-12,Beginning Cash,-31715.04510245988
2025-12,Ending Cash (from bridge),-36579.489975219636
2025-12,Ending Cash (balance sheet),-36579.48997521964
2026-01,Net Income,-4459.993378068482
2026-01,Add back Depreciation,216.66666666666666
2026-01,Change in Accounts Receivable,-48.16518681674097
2026-01,Change in Inventory,402.25581073560625
2026-01,Change in Accounts Payable,66.05751426495374
2026-01,Change in Sales Tax Payable,5.55388448598319
2026-01,Change in Wages Payable,-230.15435923023324
2026-01,Change in Payroll Taxes Payable,-46.030871846047376
2026-01,Net Cash from Operations,-4093.8099198082937
2026-01,Capital Expenditures (cash),-0.0
2026-01,Net Cash from Investing,-0.0
2026-01,Owner Contribution,0.0
2026-01,Owner Draw (cash),-0.0
2026-01,Net Borrowings (Δ Notes Payable),0.0
2026-01,Net Cash from Financing,0.0
2026-01,Net Change in Cash,-4093.8099198082937
2026-01,Beginning Cash,-36579.48997521964
2026-01,Ending Cash (from bridge),-40673.299895027936
2026-01,Ending Cash (balance sheet),-40673.299895027936
2026-02,Net Income,-4610.897004617993
2026-02,Add back Depreciation,216.66666666666666
2026-02,Change in Accounts Receivable,-158.10332963180645
2026-02,Change in Inventory,316.5747675947732
2026-02,Change in Accounts Payable,51.91474589415941
2026-02,Change in Sales Tax Payable,2.3213512586005436
2026-02,Change in Wages Payable,229.54820427434242
2026-02,Change in Payroll Taxes Payable,45.909640854867575
2026-02,Net Cash from Operations,-3906.0649577063887
2026-02,Capital Expenditures (cash),-0.0
2026-02,Net Cash from Investing,-0.0
2026-02,Owner Contribution,0.0
2026-02,Owner Draw (cash),-0.0
2026-02,Net Borrowings (Δ Notes Payable),0.0
2026-02,Net Cash from Financing,0.0
2026-02,Net Change in Cash,-3906.0649577063887
2026-02,Beginning Cash,-40673.299895027936
2026-02,Ending Cash (from bridge),-44579.364852734325
2026-02,Ending Cash (balance sheet),-44579.36485273434
2026-03,Net Income,-4742.929107063949
2026-03,Add back Depreciation,216.66666666666666
2026-03,Change in Accounts Receivable,-148.0615439538915
2026-03,Change in Inventory,526.1897273867526
2026-03,Change in Accounts Payable,32.37232621010969
2026-03,Change in Sales Tax Payable,-3.9324019302913484
2026-03,Change in Wages Payable,5.78990783788322
2026-03,Change in Payroll Taxes Payable,1.1579815675777354
2026-03,Net Cash from Operations,-4112.746443279142
2026-03,Capital Expenditures (cash),-0.0
2026-03,Net Cash from Investing,-0.0
2026-03,Owner Contribution,0.0
2026-03,Owner Draw (cash),-0.0
2026-03,Net Borrowings (Δ Notes Payable),0.0
2026-03,Net Cash from Financing,0.0
2026-03,Net Change in Cash,-4112.746443279142
2026-03,Beginning Cash,-44579.36485273434
2026-03,Ending Cash (from bridge),-48692.11129601348
2026-03,Ending Cash (balance sheet),-48692.11129601347
2026-04,Net Income,-4529.416555451782
2026-04,Add back Depreciation,216.66666666666666
2026-04,Change in Accounts Receivable,-219.89942489859868
2026-04,Change in Inventory,300.9674983035711
2026-04,Change in Accounts Payable,95.98004709539566
2026-04,Change in Sales Tax Payable,-20.919804730682245
2026-04,Change in Wages Payable,-265.5523724083323
2026-04,Change in Payroll Taxes Payable,-53.11047448166664
2026-04,Net Cash from Operations,-4475.284419905428
2026-04,Capital Expenditures (cash),-0.0
2026-04,Net Cash from Investing,-0.0
2026-04,Owner Contribution,0.0
2026-04,Owner Draw (cash),-0.0
2026-04,Net Borrowings (Δ Notes Payable),0.0
2026-04,Net Cash from Financing,0.0
2026-04,Net Change in Cash,-4475.284419905428
2026-04,Beginning Cash,-48692.11129601347
2026-04,Ending Cash (from bridge),-53167.3957159189
2026-04,Ending Cash (balance sheet),-53167.395715918894
2026-05,Net Income,-4500.83412207319
2026-05,Add back Depreciation,216.66666666666666
2026-05,Change in Accounts Receivable,-103.59902802470833
2026-05,Change in Inventory,184.3587811303305
2026-05,Change in Accounts Payable,123.45448736621131
2026-05,Change in Sales Tax Payable,-0.260823540334286
2026-05,Change in Wages Payable,28.150362745866005
2026-05,Change in Payroll Taxes Payable,5.630072549173747
2026-05,Net Cash from Operations,-4046.433603179984
2026-05,Capital Expenditures (cash),-0.0
2026-05,Net Cash from Investing,-0.0
2026-05,Owner Contribution,0.0
2026-05,Owner Draw (cash),-0.0
2026-05,Net Borrowings (Δ Notes Payable),0.0
2026-05,Net Cash from Financing,0.0
2026-05,Net Change in Cash,-4046.433603179984
2026-05,Beginning Cash,-53167.395715918894
2026-05,Ending Cash (from bridge),-57213.82931909888
2026-05,Ending Cash (balance sheet),-57213.82931909888
2026-06,Net Income,-4386.710515070785
2026-06,Add back Depreciation,216.66666666666666
2026-06,Change in Accounts Receivable,-127.59824801775903
2026-06,Change in Inventory,398.8703931782411
2026-06,Change in Accounts Payable,59.76607508645816
2026-06,Change in Sales Tax Payable,13.08463503337407
2026-06,Change in Wages Payable,-46.84147664082411
2026-06,Change in Payroll Taxes Payable,-9.368295328165004
2026-06,Net Cash from Operations,-3882.130765092793
2026-06,Capital Expenditures (cash),-0.0
2026-06,Net Cash from Investing,-0.0
2026-06,Owner Contribution,0.0
2026-06,Owner Draw (cash),-1000.0
2026-06,Net Borrowings (Δ Notes Payable),0.0
2026-06,Net Cash from Financing,-1000.0
2026-06,Net Change in Cash,-4882.130765092793
2026-06,Beginning Cash,-57213.82931909888
2026-06,Ending Cash (from bridge),-62095.96008419167
2026-06,Ending Cash (balance sheet),-62095.960084191676
2026-07,Net Income,-4532.019314249142
2026-07,Add back Depreciation,216.66666666666666
2026-07,Change in Accounts Receivable,-91.13235299598455
2026-07,Change in Inventory,197.72291371668325
2026-07,Change in Accounts Payable,30.353954903127942
2026-07,Change in Sales Tax Payable,-13.391045031706426
2026-07,Change in Wages Payable,66.03497148204042
2026-07,Change in Payroll Taxes Payable,13.206994296407174
2026-07,Net Cash from Operations,-4112.557211211906
2026-07,Capital Expenditures (cash),-0.0
2026-07,Net Cash from Investing,-0.0
2026-07,Owner Contribution,0.0
2026-07,Owner Draw (cash),-0.0
2026-07,Net Borrowings (Δ Notes Payable),0.0
2026-07,Net Cash from Financing,0.0
2026-07,Net Change in Cash,-4112.557211211906
2026-07,Beginning Cash,-62095.960084191676
2026-07,Ending Cash (from bridge),-66208.51729540358
2026-07,Ending Cash (balance sheet),-66208.51729540358
2026-08,Net Income,-4544.600886961982
2026-08,Add back Depreciation,216.66666666666666
2026-08,Change in Accounts Receivable,-122.73093990980215
2026-08,Change in Inventory,313.9144769016193
2026-08,Change in Accounts Payable,0.0
2026-08,Change in Sales Tax Payable,12.893300472908322
2026-08,Change in Wages Payable,52.84166421950067
2026-08,Change in Payroll Taxes Payable,10.568332843901771
2026-08,Net Cash from Operations,-4060.4473857671865
2026-08,Capital Expenditures (cash),-0.0
2026-08,Net Cash from Investing,-0.0
2026-08,Owner Contribution,0.0
2026-08,Owner Draw (cash),-0.0
2026-08,Net Borrowings (Δ Notes Payable),0.0
2026-08,Net Cash from Financing,0.0
2026-08,Net Change in Cash,-4060.4473857671865
2026-08,Beginning Cash,-66208.51729540358
2026-08,Ending Cash (from bridge),-70268.96468117076
2026-08,Ending Cash (balance sheet),-70268.96468117076
2026-09,Net Income,-4487.328614251002
2026-09,Add back Depreciation,216.66666666666666
2026-09,Change in Accounts Receivable,-121.35108888161176
2026-09,Change in Inventory,197.91830379935436
2026-09,Change in Accounts Payable,93.98732197370623
2026-09,Change in Sales Tax Payable,-14.172987192518121
2026-09,Change in Wages Payable,-59.36282791206759
2026-09,Change in Payroll Taxes Payable,-11.872565582414609
2026-09,Net Cash from Operations,-4185.515791379887
2026-09,Capital Expenditures (cash),-0.0
2026-09,Net Cash from Investing,-0.0
2026-09,Owner Contribution,0.0
2026-09,Owner Draw (cash),-0.0
2026-09,Net Borrowings (Δ Notes Payable),0.0
2026-09,Net Cash from Financing,0.0
2026-09,Net Change in Cash,-4185.515791379887
2026-09,Beginning Cash,-70268.96468117076
2026-09,Ending Cash (from bridge),-74454.48047255065
2026-09,Ending Cash (balance sheet),-74454.48047255065
2026-10,Net Income,-4115.781051246416
2026-10,Add back Depreciation,216.66666666666666
2026-10,Change in Accounts Receivable,-121.24361562418017
2026-10,Change in Inventory,466.52721627787105
2026-10,Change in Accounts Payable,10.85678358806058
2026-10,Change in Sales Tax Payable,15.852981892955995
2026-10,Change in Wages Payable,-243.75970945403242
2026-10,Change in Payroll Taxes Payable,-48.75194189080503
2026-10,Net Cash from Operations,-3819.632669789879
2026-10,Capital Expenditures (cash),-0.0
2026-10,Net Cash from Investing,-0.0
2026-10,Owner Contribution,0.0
2026-10,Owner Draw (cash),-0.0
2026-10,Net Borrowings (Δ Notes Payable),0.0
2026-10,Net Cash from Financing,0.0
2026-10,Net Change in Cash,-3819.632669789879
2026-10,Beginning Cash,-74454.48047255065
2026-10,Ending Cash (from bridge),-78274.11314234053
2026-10,Ending Cash (balance sheet),-78274.11314234053
2026-11,Net Income,-4124.858540260358
2026-11,Add back Depreciation,216.66666666666666
2026-11,Change in Accounts Receivable,-229.45199465954374
2026-11,Change in Inventory,443.85053193391195
2026-11,Change in Accounts Payable,52.917258609362534
2026-11,Change in Sales Tax Payable,13.76067749066101
2026-11,Change in Wages Payable,-34.94274710657919
2026-11,Change in Payroll Taxes Payable,-6.988549421317657
2026-11,Net Cash from Operations,-3669.0466967471966
2026-11,Capital Expenditures (cash),-0.0
2026-11,Net Cash from Investing,-0.0
2026-11,Owner Contribution,0.0
2026-11,Owner Draw (cash),-0.0
2026-11,Net Borrowings (Δ Notes Payable),0.0
2026-11,Net Cash from Financing,0.0
2026-11,Net Change in Cash,-3669.0466967471966
2026-11,Beginning Cash,-78274.11314234053
2026-11,Ending Cash (from bridge),-81943.15983908773
2026-11,Ending Cash (balance sheet),-81943.15983908773
2026-12,Net Income,-4422.1834201779875
2026-12,Add back Depreciation,216.66666666666666
2026-12,Change in Accounts Receivable,-165.22068485233103
2026-12,Change in Inventory,304.5050444984354
2026-12,Change in Accounts Payable,35.29564328945821
2026-12,Change in Sales Tax Payable,-36.121068873366994
2026-12,Change in Wages Payable,154.306825843938
2026-12,Change in Payroll Taxes Payable,30.861365168788325
2026-12,Net Cash from Operations,-3881.889628436399
2026-12,Capital Expenditures (cash),-0.0
2026-12,Net Cash from Investing,-0.0
2026-12,Owner Contribution,0.0
2026-12,Owner Draw (cash),-1000.0
2026-12,Net Borrowings (Δ Notes Payable),0.0
2026-12,Net Cash from Financing,-1000.0
2026-12,Net Change in Cash,-4881.889628436399
2026-12,Beginning Cash,-81943.15983908773
2026-12,Ending Cash (from bridge),-86825.04946752414
2026-12,Ending Cash (balance sheet),-86825.04946752412
