month,account_id,account_name,account_type,normal_side,debit,credit,ending_side,ending_balance
2025-01,1000,Cash,Asset,Debit,25986.995660031793,2211.753420619071,Debit,23775.24223941272
2025-01,1100,Accounts Receivable,Asset,Debit,196.15858877195885,117.69515326317529,Debit,78.46343550878356
2025-01,1200,Inventory,Asset,Debit,252.48635041573982,522.697230626753,Credit,270.2108802110132
2025-01,2000,Accounts Payable,Liability,Credit,74.42549343972482,148.85098687944964,Credit,74.42549343972482
2025-01,2100,Sales Tax Payable,Liability,Credit,0.0,69.7029314839629,Credit,69.7029314839629
2025-01,2110,Wages Payable,Liability,Credit,0.0,2125.7147357933018,Credit,2125.7147357933018
2025-01,2120,Payroll Taxes Payable,Liability,Credit,0.0,425.1429471586604,Credit,425.1429471586604
2025-01,3000,Owner Capital,Equity,Credit,0.0,25000.0,Credit,25000.0
2025-01,4000,Sales Revenue,Revenue,Credit,0.0,995.7561640566128,Credit,995.7561640566128
2025-01,5000,Cost of Goods Sold,Expense,Debit,522.697230626753,0.0,Debit,522.697230626753
2025-01,6100,Rent Expense,Expense,Debit,1800.0,0.0,Debit,1800.0
2025-01,6200,Utilities Expense,Expense,Debit,233.69256364305608,0.0,Debit,233.69256364305608
2025-01,6300,Payroll Expense,Expense,Debit,2361.9052619925574,0.0,Debit,2361.9052619925574
2025-01,6500,Payroll Tax Expense,Expense,Debit,188.9524209594046,0.0,Debit,188.9524209594046
2025-02,1000,Cash,Asset,Debit,46838.04215144941,19131.439427898225,Debit,27706.602723551183
2025-02,1100,Accounts Receivable,Asset,Debit,612.9895232144606,367.7937139286764,Debit,245.1958092857842
2025-02,1200,Inventory,Asset,Debit,503.8298645743152,1068.2524354366237,Credit,564.4225708623085
2025-02,1300,"Property, Plant & Equipment (Cost)",Asset,Debit,12000.0,0.0,Debit,12000.0
2025-02,1350,Accumulated Depreciation,Contra Asset,Credit,0.0,166.66666666666666,Credit,166.66666666666666
2025-02,2000,Accounts Payable,Liability,Credit,74.42549343972482,148.85098687944964,Credit,74.42549343972482
2025-02,2100,Sales Tax Payable,Liability,Credit,69.7029314839629,136.2865955621155,Credit,66.58366407815261
2025-02,2110,Wages Payable,Liability,Credit,2125.7147357933018,4342.005304454209,Credit,2216.2905686609074
2025-02,2120,Payroll Taxes Payable,Liability,Credit,425.1429471586604,868.4010608908418,Credit,443.2581137321814
2025-02,2200,Notes Payable,Liability,Credit,0.0,20000.0,Credit,20000.0
2025-02,3000,Owner Capital,Equity,Credit,0.0,25000.0,Credit,25000.0
2025-02,4000,Sales Revenue,Revenue,Credit,0.0,1946.9513651730786,Credit,1946.9513651730786
2025-02,5000,Cost of Goods Sold,Expense,Debit,1068.2524354366237,0.0,Debit,1068.2524354366237
2025-02,6100,Rent Expense,Expense,Debit,3600.0,0.0,Debit,3600.0
2025-02,6200,Utilities Expense,Expense,Debit,481.47444232771045,0.0,Debit,481.47444232771045
2025-02,6300,Payroll Expense,Expense,Debit,4824.450338282455,0.0,Debit,4824.450338282455
2025-02,6400,Depreciation Expense,Expense,Debit,166.66666666666666,0.0,Debit,166.66666666666666
2025-02,6500,Payroll Tax Expense,Expense,Debit,385.9560270625964,0.0,Debit,385.9560270625964
2025-03,1000,Cash,Asset,Debit,47750.477731730854,29257.513645299783,Debit,18492.96408643107
2025-03,1100,Accounts Receivable,Asset,Debit,928.7399153833372,557.2439492300024,Debit,371.49596615333485
2025-03,1200,Inventory,Asset,Debit,696.2781761782131,1598.3373989657598,Credit,902.0592227875467
2025-03,1300,"Property, Plant & Equipment (Cost)",Asset,Debit,12000.0,0.0,Debit,12000.0
2025-03,1350,Accumulated Depreciation,Contra Asset,Credit,0.0,333.3333333333333,Credit,333.3333333333333
2025-03,2000,Accounts Payable,Liability,Credit,170.64964924167376,341.2992984833475,Credit,170.64964924167376
2025-03,2100,Sales Tax Payable,Liability,Credit,136.2865955621155,204.2412699550402,Credit,67.95467439292469
2025-03,2110,Wages Payable,Liability,Credit,4342.005304454209,6523.861750699452,Credit,2181.856446245243
2025-03,2120,Payroll Taxes Payable,Liability,Credit,868.4010608908419,1304.7723501398905,Credit,436.3712892490486
2025-03,2200,Notes Payable,Liability,Credit,5000.0,20000.0,Credit,15000.0
2025-03,3000,Owner Capital,Equity,Credit,0.0,25000.0,Credit,25000.0
2025-03,4000,Sales Revenue,Revenue,Credit,0.0,2917.732427929145,Credit,2917.732427929145
2025-03,5000,Cost of Goods Sold,Expense,Debit,1598.3373989657598,0.0,Debit,1598.3373989657598
2025-03,6100,Rent Expense,Expense,Debit,5400.0,0.0,Debit,5400.0
2025-03,6200,Utilities Expense,Expense,Debit,785.1921574560749,0.0,Debit,785.1921574560749
2025-03,6300,Payroll Expense,Expense,Debit,7248.735278554947,0.0,Debit,7248.735278554947
2025-03,6400,Depreciation Expense,Expense,Debit,333.3333333333333,0.0,Debit,333.3333333333333
2025-03,6500,Payroll Tax Expense,Expense,Debit,579.8988222843958,0.0,Debit,579.8988222843958
2025-03,6600,Interest Expense,Expense,Debit,200.0,0.0,Debit,200.0
2025-04,1000,Cash,Asset,Debit,48607.166978993075,40927.03643305381,Debit,7680.130545939268
2025-04,1100,Accounts Receivable,Asset,Debit,1351.0301698589142,810.6181019153485,Debit,540.4120679435657
2025-04,1200,Inventory,Asset,Debit,824.4210812941938,2095.0732699504947,Credit,1270.652188656301
2025-04,1300,"Property, Plant & Equipment (Cost)",Asset,Debit,13800.0,0.0,Debit,13800.0
2025-04,1350,Accumulated Depreciation,Contra Asset,Credit,0.0,550.0,Credit,550.0
2025-04,2000,Accounts Payable,Liability,Credit,223.35934258999475,446.71868517998956,Credit,223.3593425899948
2025-04,2100,Sales Tax Payable,Liability,Credit,204.2412699550402,271.3369469958547,Credit,67.09567704081451
2025-04,2110,Wages Payable,Liability,Credit,6523.861750699452,8734.43598848679,Credit,2210.5742377873376
2025-04,2120,Payroll Taxes Payable,Liability,Credit,1304.7723501398905,1746.8871976973578,Credit,442.11484755746733
2025-04,2200,Notes Payable,Liability,Credit,10000.0,20000.0,Credit,10000.0
2025-04,3000,Owner Capital,Equity,Credit,0.0,25000.0,Credit,25000.0
2025-04,4000,Sales Revenue,Revenue,Credit,0.0,3876.242099940781,Credit,3876.242099940781
2025-04,5000,Cost of Goods Sold,Expense,Debit,2095.0732699504947,0.0,Debit,2095.0732699504947
2025-04,6100,Rent Expense,Expense,Debit,7200.0,0.0,Debit,7200.0
2025-04,6200,Utilities Expense,Expense,Debit,943.0993235552227,0.0,Debit,943.0993235552227
2025-04,6300,Payroll Expense,Expense,Debit,9704.928876096432,0.0,Debit,9704.928876096432
2025-04,6400,Depreciation Expense,Expense,Debit,550.0,0.0,Debit,550.0
2025-04,6500,Payroll Tax Expense,Expense,Debit,776.3943100877146,0.0,Debit,776.3943100877146
2025-04,6600,Interest Expense,Expense,Debit,350.0,0.0,Debit,350.0
2025-05,1000,Cash,Asset,Debit,49492.8918606609,50812.45272836908,Credit,1319.5608677081764
2025-05,1100,Accounts Receivable,Asset,Debit,1735.1810040724638,1041.1086024434783,Debit,694.0724016289855
2025-05,1200,Inventory,Asset,Debit,994.224539855209,2635.035099899903,Credit,1640.8105600446938
2025-05,1300,"Property, Plant & Equipment (Cost)",Asset,Debit,13800.0,0.0,Debit,13800.0
2025-05,1350,Accumulated Depreciation,Contra Asset,Credit,0.0,766.6666666666666,Credit,766.6666666666666
2025-05,2000,Accounts Payable,Liability,Credit,308.2610718705024,616.5221437410048,Credit,308.2610718705024
2025-05,2100,Sales Tax Payable,Liability,Credit,271.3369469958547,339.3341106170952,Credit,67.99716362124047
2025-05,2110,Wages Payable,Liability,Credit,8734.43598848679,10919.773175933171,Credit,2185.337187446381
2025-05,2120,Payroll Taxes Payable,Liability,Credit,1746.8871976973578,2183.9546351866343,Credit,437.0674374892765
2025-05,2200,Notes Payable,Liability,Credit,15000.0,20000.0,Credit,5000.0
2025-05,3000,Owner Capital,Equity,Credit,0.0,25000.0,Credit,25000.0
2025-05,4000,Sales Revenue,Revenue,Credit,0.0,4847.630151672788,Credit,4847.630151672788
2025-05,5000,Cost of Goods Sold,Expense,Debit,2635.035099899903,0.0,Debit,2635.035099899903
2025-05,6100,Rent Expense,Expense,Debit,9000.0,0.0,Debit,9000.0
2025-05,6200,Utilities Expense,Expense,Debit,1123.8291272043668,0.0,Debit,1123.8291272043668
2025-05,6300,Payroll Expense,Expense,Debit,12133.081306592412,0.0,Debit,12133.081306592412
2025-05,6400,Depreciation Expense,Expense,Debit,766.6666666666666,0.0,Debit,766.6666666666666
2025-05,6500,Payroll Tax Expense,Expense,Debit,970.6465045273931,0.0,Debit,970.6465045273931
2025-05,6600,Interest Expense,Expense,Debit,450.0,0.0,Debit,450.0
2025-06,1000,Cash,Asset,Debit,50415.49725706939,61894.47554903332,Credit,11478.978291963926
2025-06,1100,Accounts Receivable,Asset,Debit,2142.532878695072,1285.5197272170433,Debit,857.0131514780289
2025-06,1200,Inventory,Asset,Debit,1225.3587470731734,3314.413488147527,Credit,2089.054741074354
2025-06,1300,"Property, Plant & Equipment (Cost)",Asset,Debit,13800.0,0.0,Debit,13800.0
2025-06,1350,Accumulated Depreciation,Contra Asset,Credit,0.0,983.3333333333333,Credit,983.3333333333333
2025-06,2000,Accounts Payable,Liability,Credit,308.2610718705024,616.5221437410048,Credit,308.2610718705024
2025-06,2100,Sales Tax Payable,Liability,Credit,339.3341106170952,410.3511482227284,Credit,71.01703760563322
2025-06,2110,Wages Payable,Liability,Credit,10919.773175933171,13034.377890595148,Credit,2114.6047146619767
2025-06,2120,Payroll Taxes Payable,Liability,Credit,2183.9546351866343,2606.8755781190293,Credit,422.92094293239506
2025-06,2200,Notes Payable,Liability,Credit,20000.0,20000.0,Debit,0.0
2025-06,3000,Owner Capital,Equity,Credit,0.0,25000.0,Credit,25000.0
2025-06,3200,Owner Draw,Equity,Debit,1000.0,0.0,Debit,1000.0
2025-06,4000,Sales Revenue,Revenue,Credit,0.0,5862.159260324691,Credit,5862.159260324691
2025-06,5000,Cost of Goods Sold,Expense,Debit,3314.413488147527,0.0,Debit,3314.413488147527
2025-06,6100,Rent Expense,Expense,Debit,10800.0,0.0,Debit,10800.0
2025-06,6200,Utilities Expense,Expense,Debit,1434.315952093747,0.0,Debit,1434.315952093747
2025-06,6300,Payroll Expense,Expense,Debit,14482.642100661275,0.0,Debit,14482.642100661275
2025-06,6400,Depreciation Expense,Expense,Debit,983.3333333333333,0.0,Debit,983.3333333333333
2025-06,6500,Payroll Tax Expense,Expense,Debit,1158.611368052902,0.0,Debit,1158.611368052902
2025-06,6600,Interest Expense,Expense,Debit,500.0,0.0,Debit,500.0
2025-07,1000,Cash,Asset,Debit,51172.3580993357,66870.20980813666,Credit,15697.851708800954
2025-07,1100,Accounts Receivable,Asset,Debit,2575.2477409352223,1545.148644561133,Debit,1030.0990963740892
2025-07,1200,Inventory,Asset,Debit,1490.0508741225792,3751.3538659437804,Credit,2261.3029918212014
2025-07,1300,"Property, Plant & Equipment (Cost)",Asset,Debit,13800.0,0.0,Debit,13800.0
2025-07,1350,Accumulated Depreciation,Contra Asset,Credit,0.0,1200.0,Credit,1200.0
2025-07,2000,Accounts Payable,Liability,Credit,359.30533218433067,718.6106643686613,Credit,359.30533218433067
2025-07,2100,Sales Tax Payable,Liability,Credit,410.3511482227284,471.18878850437886,Credit,60.837640281650465
2025-07,2110,Wages Payable,Liability,Credit,13034.377890595148,15182.672009871676,Credit,2148.2941192765284
2025-07,2120,Payroll Taxes Payable,Liability,Credit,2606.8755781190293,3036.534401974335,Credit,429.65882385530585
2025-07,2200,Notes Payable,Liability,Credit,20000.0,20000.0,Debit,0.0
2025-07,3000,Owner Capital,Equity,Credit,0.0,25000.0,Credit,25000.0
2025-07,3200,Owner Draw,Equity,Debit,1000.0,0.0,Debit,1000.0
2025-07,4000,Sales Revenue,Revenue,Credit,0.0,6731.268407205412,Credit,6731.268407205412
2025-07,5000,Cost of Goods Sold,Expense,Debit,3751.3538659437804,0.0,Debit,3751.3538659437804
2025-07,6100,Rent Expense,Expense,Debit,12600.0,0.0,Debit,12600.0
2025-07,6200,Utilities Expense,Expense,Debit,1787.8596492614963,0.0,Debit,1787.8596492614963
2025-07,6300,Payroll Expense,Expense,Debit,16869.635566524084,0.0,Debit,16869.635566524084
2025-07,6400,Depreciation Expense,Expense,Debit,1200.0,0.0,Debit,1200.0
2025-07,6500,Payroll Tax Expense,Expense,Debit,1349.5708453219268,0.0,Debit,1349.5708453219268
2025-07,6600,Interest Expense,Expense,Debit,500.0,0.0,Debit,500.0
2025-08,1000,Cash,Asset,Debit,51878.73283916785,71782.38682657926,Credit,19903.653987411402
2025-08,1100,Accounts Receivable,Asset,Debit,3049.604529221949,1829.7627175331693,Debit,1219.84181168878
2025-08,1200,Inventory,Asset,Debit,1647.0563298592647,4211.838983092435,Credit,2564.7826532331705
2025-08,1300,"Property, Plant & Equipment (Cost)",Asset,Debit,13800.0,0.0,Debit,13800.0
2025-08,1350,Accumulated Depreciation,Contra Asset,Credit,0.0,1416.6666666666665,Credit,1416.6666666666665
2025-08,2000,Accounts Payable,Liability,Credit,403.17913905313856,806.3582781062771,Credit,403.17913905313856
2025-08,2100,Sales Tax Payable,Liability,Credit,471.18878850437886,529.8132949158546,Credit,58.62450641147575
2025-08,2110,Wages Payable,Liability,Credit,15182.672009871676,17411.115437524604,Credit,2228.443427652928
2025-08,2120,Payroll Taxes Payable,Liability,Credit,3036.534401974335,3482.2230875049204,Credit,445.6886855305852
2025-08,2200,Notes Payable,Liability,Credit,20000.0,20000.0,Debit,0.0
2025-08,3000,Owner Capital,Equity,Credit,0.0,25000.0,Credit,25000.0
2025-08,3200,Owner Draw,Equity,Debit,1000.0,0.0,Debit,1000.0
2025-08,4000,Sales Revenue,Revenue,Credit,0.0,7568.76135594078,Credit,7568.76135594078
2025-08,5000,Cost of Goods Sold,Expense,Debit,4211.838983092435,0.0,Debit,4211.838983092435
2025-08,6100,Rent Expense,Expense,Debit,14400.0,0.0,Debit,14400.0
2025-08,6200,Utilities Expense,Expense,Debit,2148.1144354227326,0.0,Debit,2148.1144354227326
2025-08,6300,Payroll Expense,Expense,Debit,19345.68381947178,0.0,Debit,19345.68381947178
2025-08,6400,Depreciation Expense,Expense,Debit,1416.6666666666665,0.0,Debit,1416.6666666666665
2025-08,6500,Payroll Tax Expense,Expense,Debit,1547.6547055577425,0.0,Debit,1547.6547055577425
2025-08,6600,Interest Expense,Expense,Debit,500.0,0.0,Debit,500.0
2025-09,1000,Cash,Asset,Debit,52858.25042347039,76806.69327900071,Credit,23948.442855530324
2025-09,1100,Accounts Receivable,Asset,Debit,4002.0696074323896,2401.2417644594334,Debit,1600.8278429729562
2025-09,1200,Inventory,Asset,Debit,1946.1176944324332,4906.17636691829,Credit,2960.0586724858567
2025-09,1300,"Property, Plant & Equipment (Cost)",Asset,Debit,13800.0,0.0,Debit,13800.0
2025-09,1350,Accumulated Depreciation,Contra Asset,Credit,0.0,1633.3333333333333,Credit,1633.3333333333333
2025-09,2000,Accounts Payable,Liability,Credit,451.9085062095937,903.8170124191876,Credit,451.90850620959384
2025-09,2100,Sales Tax Payable,Liability,Credit,529.8132949158546,618.818204346761,Credit,89.00490943090642
2025-09,2110,Wages Payable,Liability,Credit,17411.115437524604,19569.868576656947,Credit,2158.7531391323428
2025-09,2120,Payroll Taxes Payable,Liability,Credit,3482.223087504921,3913.9737153313895,Credit,431.75062782646864
2025-09,2200,Notes Payable,Liability,Credit,20000.0,20000.0,Debit,0.0
2025-09,3000,Owner Capital,Equity,Credit,0.0,25000.0,Credit,25000.0
2025-09,3200,Owner Draw,Equity,Debit,1000.0,0.0,Debit,1000.0
2025-09,4000,Sales Revenue,Revenue,Credit,0.0,8840.260062096586,Credit,8840.260062096586
2025-09,5000,Cost of Goods Sold,Expense,Debit,4906.17636691829,0.0,Debit,4906.17636691829
2025-09,6100,Rent Expense,Expense,Debit,16200.0,0.0,Debit,16200.0
2025-09,6200,Utilities Expense,Expense,Debit,2389.33227083249,0.0,Debit,2389.33227083249
2025-09,6300,Payroll Expense,Expense,Debit,21744.29841850772,0.0,Debit,21744.29841850772
2025-09,6400,Depreciation Expense,Expense,Debit,1633.3333333333333,0.0,Debit,1633.3333333333333
2025-09,6500,Payroll Tax Expense,Expense,Debit,1739.5438734806175,0.0,Debit,1739.5438734806175
2025-09,6600,Interest Expense,Expense,Debit,500.0,0.0,Debit,500.0
2025-10,1000,Cash,Asset,Debit,53613.98364866678,81682.35942418485,Credit,28068.37577551807
2025-10,1100,Accounts Receivable,Asset,Debit,4565.002067083018,2739.0012402498105,Debit,1826.0008268332076
2025-10,1200,Inventory,Asset,Debit,2187.024717434615,5380.189029588425,Credit,3193.16431215381
2025-10,1300,"Property, Plant & Equipment (Cost)",Asset,Debit,13800.0,0.0,Debit,13800.0
2025-10,1350,Accumulated Depreciation,Contra Asset,Credit,0.0,1850.0,Credit,1850.0
2025-10,2000,Accounts Payable,Liability,Credit,508.8867252705668,1017.7734505411336,Credit,508.8867252705668
2025-10,2100,Sales Tax Payable,Liability,Credit,618.818204346761,682.9896385841109,Credit,64.1714342373499
2025-10,2110,Wages Payable,Liability,Credit,19569.868576656947,21623.86397428967,Credit,2053.9953976327233
2025-10,2120,Payroll Taxes Payable,Liability,Credit,3913.9737153313895,4324.772794857934,Credit,410.7990795265446
2025-10,2200,Notes Payable,Liability,Credit,20000.0,20000.0,Debit,0.0
2025-10,3000,Owner Capital,Equity,Credit,0.0,25000.0,Credit,25000.0
2025-10,3200,Owner Draw,Equity,Debit,1000.0,0.0,Debit,1000.0
2025-10,4000,Sales Revenue,Revenue,Credit,0.0,9756.99483691587,Credit,9756.99483691587
2025-10,5000,Cost of Goods Sold,Expense,Debit,5380.189029588425,0.0,Debit,5380.189029588425
2025-10,6100,Rent Expense,Expense,Debit,18000.0,0.0,Debit,18000.0
2025-10,6200,Utilities Expense,Expense,Debit,2601.5609356857044,0.0,Debit,2601.5609356857044
2025-10,6300,Payroll Expense,Expense,Debit,24026.51552698852,0.0,Debit,24026.51552698852
2025-10,6400,Depreciation Expense,Expense,Debit,1850.0,0.0,Debit,1850.0
2025-10,6500,Payroll Tax Expense,Expense,Debit,1922.1212421590817,0.0,Debit,1922.1212421590817
2025-10,6600,Interest Expense,Expense,Debit,500.0,0.0,Debit,500.0
2025-11,1000,Cash,Asset,Debit,54568.37669392827,86283.42179638815,Credit,31715.04510245988
2025-11,1100,Accounts Receivable,Asset,Debit,4716.179410614512,2829.707646368707,Debit,1886.4717642458045
2025-11,1200,Inventory,Asset,Debit,2350.32602666654,5896.303566407824,Credit,3545.977539741284
2025-11,1300,"Property, Plant & Equipment (Cost)",Asset,Debit,13800.0,0.0,Debit,13800.0
2025-11,1350,Accumulated Depreciation,Contra Asset,Credit,0.0,2066.6666666666665,Credit,2066.6666666666665
2025-11,2000,Accounts Payable,Liability,Credit,553.8178066652977,1107.6356133305953,Credit,553.8178066652977
2025-11,2100,Sales Tax Payable,Liability,Credit,682.9896385841109,749.3826094132573,Credit,66.3929708291464
2025-11,2110,Wages Payable,Liability,Credit,21623.86397428967,23762.747483011844,Credit,2138.883508722174
2025-11,2120,Payroll Taxes Payable,Liability,Credit,4324.772794857934,4752.549496602369,Credit,427.77670174443483
2025-11,2200,Notes Payable,Liability,Credit,20000.0,20000.0,Debit,0.0
2025-11,3000,Owner Capital,Equity,Credit,0.0,25000.0,Credit,25000.0
2025-11,3200,Owner Draw,Equity,Debit,1000.0,0.0,Debit,1000.0
2025-11,4000,Sales Revenue,Revenue,Credit,0.0,10705.465848760818,Credit,10705.465848760818
2025-11,5000,Cost of Goods Sold,Expense,Debit,5896.303566407824,0.0,Debit,5896.303566407824
2025-11,6100,Rent Expense,Expense,Debit,19800.0,0.0,Debit,19800.0
2025-11,6200,Utilities Expense,Expense,Debit,2755.2871686552003,0.0,Debit,2755.2871686552003
2025-11,6300,Payroll Expense,Expense,Debit,26403.05275890205,0.0,Debit,26403.05275890205
2025-11,6400,Depreciation Expense,Expense,Debit,2066.6666666666665,0.0,Debit,2066.6666666666665
2025-11,6500,Payroll Tax Expense,Expense,Debit,2112.244220712164,0.0,Debit,2112.244220712164
2025-11,6600,Interest Expense,Expense,Debit,500.0,0.0,Debit,500.0
2025-12,1000,Cash,Asset,Debit,55534.734859083175,92114.22483430282,Credit,36579.48997521964
2025-12,1100,Accounts Receivable,Asset,Debit,5113.665701867208,3068.1994211203246,Debit,2045.466280746883
2025-12,1200,Inventory,Asset,Debit,2635.5034816648003,6488.41122538422,Credit,3852.90774371942
2025-12,1300,"Property, Plant & Equipment (Cost)",Asset,Debit,13800.0,0.0,Debit,13800.0
2025-12,1350,Accumulated Depreciation,Contra Asset,Credit,0.0,2283.333333333333,Credit,2283.333333333333
2025-12,2000,Accounts Payable,Liability,Credit,696.4065341644279,1392.8130683288557,Credit,696.4065341644279
2025-12,2100,Sales Tax Payable,Liability,Credit,749.3826094132573,823.0038128860784,Credit,73.6212034728211
2025-12,2110,Wages Payable,Liability,Credit,23762.747483011844,26189.0260943954,Credit,2426.2786113835573
2025-12,2120,Payroll Taxes Payable,Liability,Credit,4752.549496602369,5237.805218879081,Credit,485.2557222767118
2025-12,2200,Notes Payable,Liability,Credit,20000.0,20000.0,Debit,0.0
2025-12,3000,Owner Capital,Equity,Credit,0.0,25000.0,Credit,25000.0
2025-12,3200,Owner Draw,Equity,Debit,2000.0,0.0,Debit,2000.0
2025-12,4000,Sales Revenue,Revenue,Credit,0.0,11757.197326943977,Credit,11757.197326943977
2025-12,5000,Cost of Goods Sold,Expense,Debit,6488.41122538422,0.0,Debit,6488.41122538422
2025-12,6100,Rent Expense,Expense,Debit,21600.0,0.0,Debit,21600.0
2025-12,6200,Utilities Expense,Expense,Debit,3010.4482977749713,0.0,Debit,3010.4482977749713
2025-12,6300,Payroll Expense,Expense,Debit,29098.917882661557,0.0,Debit,29098.917882661557
2025-12,6400,Depreciation Expense,Expense,Debit,2283.333333333333,0.0,Debit,2283.333333333333
2025-12,6500,Payroll Tax Expense,Expense,Debit,2327.913430612925,0.0,Debit,2327.913430612925
2025-12,6600,Interest Expense,Expense,Debit,500.0,0.0,Debit,500.0
2026-01,1000,Cash,Asset,Debit,56696.81744535101,97370.11734037894,Credit,40673.299895027936
2026-01,1100,Accounts Receivable,Asset,Debit,5234.078668909059,3140.447201345435,Debit,2093.631467563624
2026-01,1200,Inventory,Asset,Debit,2841.6194466766533,7096.783001131679,Credit,4255.163554455026
2026-01,1300,"Property, Plant & Equipment (Cost)",Asset,Debit,13800.0,0.0,Debit,13800.0
2026-01,1350,Accumulated Depreciation,Contra Asset,Credit,0.0,2500.0,Credit,2500.0
2026-01,2000,Accounts Payable,Liability,Credit,762.4640484293816,1524.9280968587632,Credit,762.4640484293816
2026-01,2100,Sales Tax Payable,Liability,Credit,823.0038128860783,902.1789008448826,Credit,79.17508795880428
2026-01,2110,Wages Payable,Liability,Credit,26189.0260943954,28385.150346548726,Credit,2196.124252153324
2026-01,2120,Payroll Taxes Payable,Liability,Credit,5237.805218879081,5677.030069309745,Credit,439.22485043066445
2026-01,2200,Notes Payable,Liability,Credit,20000.0,20000.0,Debit,0.0
2026-01,3000,Owner Capital,Equity,Credit,0.0,25000.0,Credit,25000.0
2026-01,3200,Owner Draw,Equity,Debit,2000.0,0.0,Debit,2000.0
2026-01,4000,Sales Revenue,Revenue,Credit,0.0,12888.27001206975,Credit,12888.27001206975
2026-01,5000,Cost of Goods Sold,Expense,Debit,7096.783001131679,0.0,Debit,7096.783001131679
2026-01,6100,Rent Expense,Expense,Debit,23400.0,0.0,Debit,23400.0
2026-01,6200,Utilities Expense,Expense,Debit,3341.1268159711135,0.0,Debit,3341.1268159711135
2026-01,6300,Payroll Expense,Expense,Debit,31539.055940609698,0.0,Debit,31539.055940609698
2026-01,6400,Depreciation Expense,Expense,Debit,2500.0,0.0,Debit,2500.0
2026-01,6500,Payroll Tax Expense,Expense,Debit,2523.124475248776,0.0,Debit,2523.124475248776
2026-01,6600,Interest Expense,Expense,Debit,500.0,0.0,Debit,500.0
2026-02,1000,Cash,Asset,Debit,57784.44540089953,102363.81025363387,Credit,44579.36485273434
2026-02,1100,Accounts Receivable,Asset,Debit,5629.336992988577,3377.602195793146,Debit,2251.7347971954305
2026-02,1200,Inventory,Asset,Debit,3133.6898786554325,7705.428200705232,Credit,4571.7383220497995
2026-02,1300,"Property, Plant & Equipment (Cost)",Asset,Debit,13800.0,0.0,Debit,13800.0
2026-02,1350,Accumulated Depreciation,Contra Asset,Credit,0.0,2716.6666666666665,Credit,2716.6666666666665
2026-02,2000,Accounts Payable,Liability,Credit,814.378794323541,1628.757588647082,Credit,814.378794323541
2026-02,2100,Sales Tax Payable,Liability,Credit,902.1789008448826,983.6753400622874,Credit,81.49643921740483
2026-02,2110,Wages Payable,Liability,Credit,28385.150346548726,30810.822802976392,Credit,2425.6724564276665
2026-02,2120,Payroll Taxes Payable,Liability,Credit,5677.030069309746,6162.164560595278,Credit,485.134491285532
2026-02,2200,Notes Payable,Liability,Credit,20000.0,20000.0,Debit,0.0
2026-02,3000,Owner Capital,Equity,Credit,0.0,25000.0,Credit,25000.0
2026-02,3200,Owner Draw,Equity,Debit,2000.0,0.0,Debit,2000.0
2026-02,4000,Sales Revenue,Revenue,Credit,0.0,14052.504858032677,Credit,14052.504858032677
2026-02,5000,Cost of Goods Sold,Expense,Debit,7705.428200705232,0.0,Debit,7705.428200705232
2026-02,6100,Rent Expense,Expense,Debit,25200.0,0.0,Debit,25200.0
2026-02,6200,Utilities Expense,Expense,Debit,3580.1398525986156,0.0,Debit,3580.1398525986156
2026-02,6300,Payroll Expense,Expense,Debit,34234.247558862655,0.0,Debit,34234.247558862655
2026-02,6400,Depreciation Expense,Expense,Debit,2716.6666666666665,0.0,Debit,2716.6666666666665
2026-02,6500,Payroll Tax Expense,Expense,Debit,2738.739804709013,0.0,Debit,2738.739804709013
2026-02,6600,Interest Expense,Expense,Debit,500.0,0.0,Debit,500.0
2026-03,1000,Cash,Asset,Debit,58822.00556976295,107514.11686577642,Credit,48692.11129601347
2026-03,1100,Accounts Receivable,Asset,Debit,5999.490852873305,3599.694511723983,Debit,2399.796341149322
2026-03,1200,Inventory,Asset,Debit,3275.7476324132135,8373.675681849765,Credit,5097.928049436552
2026-03,1300,"Property, Plant & Equipment (Cost)",Asset,Debit,13800.0,0.0,Debit,13800.0
2026-03,1350,Accumulated Depreciation,Contra Asset,Credit,0.0,2933.333333333333,Credit,2933.333333333333
2026-03,2000,Accounts Payable,Liability,Credit,846.7511205336507,1693.5022410673014,Credit,846.7511205336507
2026-03,2100,Sales Tax Payable,Liability,Credit,983.6753400622874,1061.239377349401,Credit,77.56403728711348
2026-03,2110,Wages Payable,Liability,Credit,30810.822802976392,33242.28516724194,Credit,2431.4623642655497
2026-03,2120,Payroll Taxes Payable,Liability,Credit,6162.164560595279,6648.457033448389,Credit,486.29247285310976
2026-03,2200,Notes Payable,Liability,Credit,20000.0,20000.0,Debit,0.0
2026-03,3000,Owner Capital,Equity,Credit,0.0,25000.0,Credit,25000.0
2026-03,3200,Owner Draw,Equity,Debit,2000.0,0.0,Debit,2000.0
2026-03,4000,Sales Revenue,Revenue,Credit,0.0,15160.56253356287,Credit,15160.56253356287
2026-03,5000,Cost of Goods Sold,Expense,Debit,8373.675681849765,0.0,Debit,8373.675681849765
2026-03,6100,Rent Expense,Expense,Debit,27000.0,0.0,Debit,27000.0
2026-03,6200,Utilities Expense,Expense,Debit,3828.4576502628993,0.0,Debit,3828.4576502628993
2026-03,6300,Payroll Expense,Expense,Debit,36935.8724080466,0.0,Debit,36935.8724080466
2026-03,6400,Depreciation Expense,Expense,Debit,2933.333333333333,0.0,Debit,2933.333333333333
2026-03,6500,Payroll Tax Expense,Expense,Debit,2954.869792643728,0.0,Debit,2954.869792643728
2026-03,6600,Interest Expense,Expense,Debit,500.0,0.0,Debit,500.0
2026-04,1000,Cash,Asset,Debit,59467.95369965552,112635.34941557441,Credit,53167.395715918894
2026-04,1100,Accounts Receivable,Asset,Debit,6549.239415119801,3929.5436490718807,Debit,2619.6957660479206
2026-04,1200,Inventory,Asset,Debit,3467.7077266040046,8866.603274344128,Credit,5398.895547740123
2026-04,1300,"Property, Plant & Equipment (Cost)",Asset,Debit,13800.0,0.0,Debit,13800.0
2026-04,1350,Accumulated Depreciation,Contra Asset,Credit,0.0,3150.0,Credit,3150.0
2026-04,2000,Accounts Payable,Liability,Credit,942.7311676290464,1885.4623352580927,Credit,942.7311676290464
2026-04,2100,Sales Tax Payable,Liability,Credit,1061.239377349401,1117.8836099058321,Credit,56.644232556431234
2026-04,2110,Wages Payable,Liability,Credit,33242.28516724194,35408.19515909916,Credit,2165.9099918572174
2026-04,2120,Payroll Taxes Payable,Liability,Credit,6648.457033448389,7081.639031819832,Credit,433.1819983714431
2026-04,2200,Notes Payable,Liability,Credit,20000.0,20000.0,Debit,0.0
2026-04,3000,Owner Capital,Equity,Credit,0.0,25000.0,Credit,25000.0
2026-04,3200,Owner Draw,Equity,Debit,2000.0,0.0,Debit,2000.0
2026-04,4000,Sales Revenue,Revenue,Credit,0.0,15969.765855797603,Credit,15969.765855797603
2026-04,5000,Cost of Goods Sold,Expense,Debit,8866.603274344128,0.0,Debit,8866.603274344128
2026-04,6100,Rent Expense,Expense,Debit,28800.0,0.0,Debit,28800.0
2026-04,6200,Utilities Expense,Expense,Debit,4058.391278559719,0.0,Debit,4058.391278559719
2026-04,6300,Payroll Expense,Expense,Debit,39342.439065665734,0.0,Debit,39342.439065665734
2026-04,6400,Depreciation Expense,Expense,Debit,3150.0,0.0,Debit,3150.0
2026-04,6500,Payroll Tax Expense,Expense,Debit,3147.395125253259,0.0,Debit,3147.395125253259
2026-04,6600,Interest Expense,Expense,Debit,500.0,0.0,Debit,500.0
2026-05,1000,Cash,Asset,Debit,60226.21535230543,117440.0446714043,Credit,57213.82931909888
2026-05,1100,Accounts Receivable,Asset,Debit,6808.236985181571,4084.942191108942,Debit,2723.294794072629
2026-05,1200,Inventory,Asset,Debit,3714.6167013364275,9297.871030206881,Credit,5583.254328870454
2026-05,1300,"Property, Plant & Equipment (Cost)",Asset,Debit,13800.0,0.0,Debit,13800.0
2026-05,1350,Accumulated Depreciation,Contra Asset,Credit,0.0,3366.6666666666665,Credit,3366.6666666666665
2026-05,2000,Accounts Payable,Liability,Credit,1066.1856549952577,2132.3713099905153,Credit,1066.1856549952577
2026-05,2100,Sales Tax Payable,Liability,Credit,1117.8836099058321,1174.267018921929,Credit,56.38340901609695
2026-05,2110,Wages Payable,Liability,Credit,35408.19515909916,37602.25551370224,Credit,2194.0603546030834
2026-05,2120,Payroll Taxes Payable,Liability,Credit,7081.639031819832,7520.451102740449,Credit,438.81207092061686
2026-05,2200,Notes Payable,Liability,Credit,20000.0,20000.0,Debit,0.0
2026-05,3000,Owner Capital,Equity,Credit,0.0,25000.0,Credit,25000.0
2026-05,3200,Owner Draw,Equity,Debit,2000.0,0.0,Debit,2000.0
2026-05,4000,Sales Revenue,Revenue,Credit,0.0,16775.243127456128,Credit,16775.243127456128
2026-05,5000,Cost of Goods Sold,Expense,Debit,9297.871030206881,0.0,Debit,9297.871030206881
2026-05,6100,Rent Expense,Expense,Debit,30600.0,0.0,Debit,30600.0
2026-05,6200,Utilities Expense,Expense,Debit,4283.895824238315,0.0,Debit,4283.895824238315
2026-05,6300,Payroll Expense,Expense,Debit,41780.2839041136,0.0,Debit,41780.2839041136
2026-05,6400,Depreciation Expense,Expense,Debit,3366.6666666666665,0.0,Debit,3366.6666666666665
2026-05,6500,Payroll Tax Expense,Expense,Debit,3342.4227123290884,0.0,Debit,3342.4227123290884
2026-05,6600,Interest Expense,Expense,Debit,500.0,0.0,Debit,500.0
2026-06,1000,Cash,Asset,Debit,61160.4857776153,123256.44586180698,Credit,62095.960084191676
2026-06,1100,Accounts Receivable,Asset,Debit,7127.2326052259705,4276.3395631355825,Debit,2850.893042090388
2026-06,1200,Inventory,Asset,Debit,3876.2384289901315,9858.363151038826,Credit,5982.124722048695
2026-06,1300,"Property, Plant & Equipment (Cost)",Asset,Debit,13800.0,0.0,Debit,13800.0
2026-06,1350,Accumulated Depreciation,Contra Asset,Credit,0.0,3583.333333333333,Credit,3583.333333333333
2026-06,2000,Accounts Payable,Liability,Credit,1125.9517300817163,2251.903460163432,Credit,1125.9517300817158
2026-06,2100,Sales Tax Payable,Liability,Credit,1174.267018921929,1243.7350629714,Credit,69.46804404947102
2026-06,2110,Wages Payable,Liability,Credit,37602.25551370224,39749.4743916645,Credit,2147.2188779622593
2026-06,2120,Payroll Taxes Payable,Liability,Credit,7520.451102740449,7949.894878332901,Credit,429.44377559245186
2026-06,2200,Notes Payable,Liability,Credit,20000.0,20000.0,Debit,0.0
2026-06,3000,Owner Capital,Equity,Credit,0.0,25000.0,Credit,25000.0
2026-06,3200,Owner Draw,Equity,Debit,3000.0,0.0,Debit,3000.0
2026-06,4000,Sales Revenue,Revenue,Credit,0.0,17767.643756734287,Credit,17767.643756734287
2026-06,5000,Cost of Goods Sold,Expense,Debit,9858.363151038826,42.08957748078694,Debit,9816.273573558039
2026-06,6100,Rent Expense,Expense,Debit,32400.0,0.0,Debit,32400.0
2026-06,6200,Utilities Expense,Expense,Debit,4551.275105014725,0.0,Debit,4551.275105014725
2026-06,6300,Payroll Expense,Expense,Debit,44166.082657405,0.0,Debit,44166.082657405
2026-06,6400,Depreciation Expense,Expense,Debit,3583.333333333333,0.0,Debit,3583.333333333333
2026-06,6500,Payroll Tax Expense,Expense,Debit,3533.2866125924,0.0,Debit,3533.2866125924
2026-06,6600,Interest Expense,Expense,Debit,500.0,0.0,Debit,500.0
2026-07,1000,Cash,Asset,Debit,61926.53040960515,128135.04770500872,Credit,66208.51729540358
2026-07,1100,Accounts Receivable,Asset,Debit,7355.063487715932,4413.038092629559,Debit,2942.0253950863726
2026-07,1200,Inventory,Asset,Debit,4111.809307283696,10291.656943049074,Credit,6179.847635765378
2026-07,1300,"Property, Plant & Equipment (Cost)",Asset,Debit,13800.0,0.0,Debit,13800.0
2026-07,1350,Accumulated Depreciation,Contra Asset,Credit,0.0,3800.0,Credit,3800.0
2026-07,2000,Accounts Payable,Liability,Credit,1156.3056849848438,2312.6113699696875,Credit,1156.3056849848438
2026-07,2100,Sales Tax Payable,Liability,Credit,1243.7350629714,1299.8120619891647,Credit,56.07699901776459
2026-07,2110,Wages Payable,Liability,Credit,39749.4743916645,41962.7282411088,Credit,2213.2538494442997
2026-07,2120,Payroll Taxes Payable,Liability,Credit,7949.894878332901,8392.54564822176,Credit,442.65076988885903
2026-07,2200,Notes Payable,Liability,Credit,20000.0,20000.0,Debit,0.0
2026-07,3000,Owner Capital,Equity,Credit,0.0,25000.0,Credit,25000.0
2026-07,3200,Owner Draw,Equity,Debit,3000.0,0.0,Debit,3000.0
2026-07,4000,Sales Revenue,Revenue,Credit,0.0,18568.743742702354,Credit,18568.743742702354
2026-07,5000,Cost of Goods Sold,Expense,Debit,10291.656943049074,42.08957748078694,Debit,10249.567365568288
2026-07,6100,Rent Expense,Expense,Debit,34200.0,0.0,Debit,34200.0
2026-07,6200,Utilities Expense,Expense,Debit,4778.529327221857,0.0,Debit,4778.529327221857
2026-07,6300,Payroll Expense,Expense,Debit,46625.253601232,0.0,Debit,46625.253601232
2026-07,6400,Depreciation Expense,Expense,Debit,3800.0,0.0,Debit,3800.0
2026-07,6500,Payroll Tax Expense,Expense,Debit,3730.0202880985603,0.0,Debit,3730.0202880985603
2026-07,6600,Interest Expense,Expense,Debit,500.0,0.0,Debit,500.0
2026-08,1000,Cash,Asset,Debit,62858.05976190991,133127.02444308068,Credit,70268.96468117076
2026-08,1100,Accounts Receivable,Asset,Debit,7661.890837490435,4597.13450249426,Debit,3064.7563349961747
2026-08,1200,Inventory,Asset,Debit,4347.006137502246,10840.768250169243,Credit,6493.762112666997
2026-08,1300,"Property, Plant & Equipment (Cost)",Asset,Debit,13800.0,0.0,Debit,13800.0
2026-08,1350,Accumulated Depreciation,Contra Asset,Credit,0.0,4016.6666666666665,Credit,4016.6666666666665
2026-08,2000,Accounts Payable,Liability,Credit,1156.3056849848438,2312.6113699696875,Credit,1156.3056849848438
2026-08,2100,Sales Tax Payable,Liability,Credit,1299.8120619891647,1368.7823614798376,Credit,68.97029949067291
2026-08,2110,Wages Payable,Liability,Credit,41962.7282411088,44228.8237547726,Credit,2266.0955136638004
2026-08,2120,Payroll Taxes Payable,Liability,Credit,8392.54564822176,8845.76475095452,Credit,453.2191027327608
2026-08,2200,Notes Payable,Liability,Credit,20000.0,20000.0,Debit,0.0
2026-08,3000,Owner Capital,Equity,Credit,0.0,25000.0,Credit,25000.0
2026-08,3200,Owner Draw,Equity,Debit,3000.0,0.0,Debit,3000.0
2026-08,4000,Sales Revenue,Revenue,Credit,0.0,19554.033735426252,Credit,19554.033735426252
2026-08,5000,Cost of Goods Sold,Expense,Debit,10840.768250169243,42.08957748078694,Debit,10798.678672688457
2026-08,6100,Rent Expense,Expense,Debit,36000.0,0.0,Debit,36000.0
2026-08,6200,Utilities Expense,Expense,Debit,5023.3276167243375,0.0,Debit,5023.3276167243375
2026-08,6300,Payroll Expense,Expense,Debit,49143.13750530289,0.0,Debit,49143.13750530289
2026-08,6400,Depreciation Expense,Expense,Debit,4016.6666666666665,0.0,Debit,4016.6666666666665
2026-08,6500,Payroll Tax Expense,Expense,Debit,3931.4510004242316,0.0,Debit,3931.4510004242316
2026-08,6600,Interest Expense,Expense,Debit,500.0,0.0,Debit,500.0
2026-09,1000,Cash,Asset,Debit,63574.324732442954,138028.8052049936,Credit,74454.48047255065
2026-09,1100,Accounts Receivable,Asset,Debit,7965.268559694467,4779.16113581668,Debit,3186.1074238777865
2026-09,1200,Inventory,Asset,Debit,4557.842529664946,11249.522946131297,Credit,6691.680416466352
2026-09,1300,"Property, Plant & Equipment (Cost)",Asset,Debit,13800.0,0.0,Debit,13800.0
2026-09,1350,Accumulated Depreciation,Contra Asset,Credit,0.0,4233.333333333333,Credit,4233.333333333333
2026-09,2000,Accounts Payable,Liability,Credit,1250.29300695855,2500.5860139171,Credit,1250.29300695855
2026-09,2100,Sales Tax Payable,Liability,Credit,1368.7823614798376,1423.5796737779924,Credit,54.79731229815479
2026-09,2110,Wages Payable,Liability,Credit,44228.8237547726,46435.556440524335,Credit,2206.732685751733
2026-09,2120,Payroll Taxes Payable,Liability,Credit,8845.76475095452,9287.111288104867,Credit,441.3465371503462
2026-09,2200,Notes Payable,Liability,Credit,20000.0,20000.0,Debit,0.0
2026-09,3000,Owner Capital,Equity,Credit,0.0,25000.0,Credit,25000.0
2026-09,3200,Owner Draw,Equity,Debit,3000.0,0.0,Debit,3000.0
2026-09,4000,Sales Revenue,Revenue,Credit,0.0,20336.85248254275,Credit,20336.85248254275
2026-09,5000,Cost of Goods Sold,Expense,Debit,11249.522946131297,64.95132569607408,Debit,11184.571620435223
2026-09,6100,Rent Expense,Expense,Debit,37800.0,0.0,Debit,37800.0
2026-09,6200,Utilities Expense,Expense,Debit,5242.836140776328,0.0,Debit,5242.836140776328
2026-09,6300,Payroll Expense,Expense,Debit,51595.0627116937,0.0,Debit,51595.0627116937
2026-09,6400,Depreciation Expense,Expense,Debit,4233.333333333333,0.0,Debit,4233.333333333333
2026-09,6500,Payroll Tax Expense,Expense,Debit,4127.605016935497,0.0,Debit,4127.605016935497
2026-09,6600,Interest Expense,Expense,Debit,500.0,0.0,Debit,500.0
2026-10,1000,Cash,Asset,Debit,64533.02132802575,142807.1344703663,Credit,78274.11314234053
2026-10,1100,Accounts Receivable,Asset,Debit,8268.377598754914,4961.026559252948,Debit,3307.3510395019666
2026-10,1200,Inventory,Asset,Debit,4607.127946466737,11765.33557921096,Credit,7158.207632744223
2026-10,1300,"Property, Plant & Equipment (Cost)",Asset,Debit,13800.0,0.0,Debit,13800.0
2026-10,1350,Accumulated Depreciation,Contra Asset,Credit,0.0,4450.0,Credit,4450.0
2026-10,2000,Accounts Payable,Liability,Credit,1261.149790546611,2522.2995810932216,Credit,1261.1497905466106
2026-10,2100,Sales Tax Payable,Liability,Credit,1423.5796737779924,1494.2299679691032,Credit,70.65029419111079
2026-10,2110,Wages Payable,Liability,Credit,46435.556440524335,48398.529416822035,Credit,1962.9729762977004
2026-10,2120,Payroll Taxes Payable,Liability,Credit,9287.111288104867,9679.705883364408,Credit,392.59459525954117
2026-10,2200,Notes Payable,Liability,Credit,20000.0,20000.0,Debit,0.0
2026-10,3000,Owner Capital,Equity,Credit,0.0,25000.0,Credit,25000.0
2026-10,3200,Owner Draw,Equity,Debit,3000.0,0.0,Debit,3000.0
2026-10,4000,Sales Revenue,Revenue,Credit,0.0,21346.142399558616,Credit,21346.142399558616
2026-10,5000,Cost of Goods Sold,Expense,Debit,11765.33557921096,64.95132569607408,Debit,11700.384253514885
2026-10,6100,Rent Expense,Expense,Debit,39600.0,0.0,Debit,39600.0
2026-10,6200,Utilities Expense,Expense,Debit,5479.86023773504,0.0,Debit,5479.86023773504
2026-10,6300,Payroll Expense,Expense,Debit,53776.143796468925,0.0,Debit,53776.143796468925
2026-10,6400,Depreciation Expense,Expense,Debit,4450.0,0.0,Debit,4450.0
2026-10,6500,Payroll Tax Expense,Expense,Debit,4302.091503717515,0.0,Debit,4302.091503717515
2026-10,6600,Interest Expense,Expense,Debit,500.0,0.0,Debit,500.0
2026-11,1000,Cash,Asset,Debit,65593.8513290733,147537.01116816103,Credit,81943.15983908773
2026-11,1100,Accounts Receivable,Asset,Debit,8842.007585403775,5305.204551242265,Debit,3536.8030341615104
2026-11,1200,Inventory,Asset,Debit,4805.485025182331,12407.543189860466,Credit,7602.058164678135
2026-11,1300,"Property, Plant & Equipment (Cost)",Asset,Debit,13800.0,0.0,Debit,13800.0
2026-11,1350,Accumulated Depreciation,Contra Asset,Credit,0.0,4666.666666666666,Credit,4666.666666666666
2026-11,2000,Accounts Payable,Liability,Credit,1314.067049155973,2628.134098311946,Credit,1314.067049155973
2026-11,2100,Sales Tax Payable,Liability,Credit,1494.2299679691032,1578.640939650875,Credit,84.4109716817718
2026-11,2110,Wages Payable,Liability,Credit,48398.529416822035,50326.55964601316,Credit,1928.0302291911212
2026-11,2120,Payroll Taxes Payable,Liability,Credit,9679.705883364408,10065.311929202631,Credit,385.6060458382235
2026-11,2200,Notes Payable,Liability,Credit,20000.0,20000.0,Debit,0.0
2026-11,3000,Owner Capital,Equity,Credit,0.0,25000.0,Credit,25000.0
2026-11,3200,Owner Draw,Equity,Debit,3000.0,0.0,Debit,3000.0
2026-11,4000,Sales Revenue,Revenue,Credit,0.0,22552.013423583925,Credit,22552.013423583925
2026-11,5000,Cost of Goods Sold,Expense,Debit,12407.543189860466,64.95132569607408,Debit,12342.591864164391
2026-11,6100,Rent Expense,Expense,Debit,41400.0,0.0,Debit,41400.0
2026-11,6200,Utilities Expense,Expense,Debit,5838.079249675195,0.0,Debit,5838.079249675195
2026-11,6300,Payroll Expense,Expense,Debit,55918.39960668128,0.0,Debit,55918.39960668128
2026-11,6400,Depreciation Expense,Expense,Debit,4666.666666666666,0.0,Debit,4666.666666666666
2026-11,6500,Payroll Tax Expense,Expense,Debit,4473.471968534503,0.0,Debit,4473.471968534503
2026-11,6600,Interest Expense,Expense,Debit,500.0,0.0,Debit,500.0
2026-12,1000,Cash,Asset,Debit,66166.77630143515,152991.82576895927,Credit,86825.04946752412
2026-12,1100,Accounts Receivable,Asset,Debit,9255.059297534603,5553.035578520761,Debit,3702.0237190138414
2026-12,1200,Inventory,Asset,Debit,4938.7851189569565,12845.348328133527,Credit,7906.56320917657
2026-12,1300,"Property, Plant & Equipment (Cost)",Asset,Debit,13800.0,0.0,Debit,13800.0
2026-12,1350,Accumulated Depreciation,Contra Asset,Credit,0.0,4883.333333333333,Credit,4883.333333333333
2026-12,2000,Accounts Payable,Liability,Credit,1349.3626924454313,2698.7253848908626,Credit,1349.3626924454313
2026-12,2100,Sales Tax Payable,Liability,Credit,1578.640939650875,1626.9308424592798,Credit,48.289902808404804
2026-12,2110,Wages Payable,Liability,Credit,50326.55964601316,52408.896701048216,Credit,2082.337055035059
2026-12,2120,Payroll Taxes Payable,Liability,Credit,10065.311929202631,10481.779340209643,Credit,416.46741100701183
2026-12,2200,Notes Payable,Liability,Credit,20000.0,20000.0,Debit,0.0
2026-12,3000,Owner Capital,Equity,Credit,0.0,25000.0,Credit,25000.0
2026-12,3200,Owner Draw,Equity,Debit,4000.0,0.0,Debit,4000.0
2026-12,4000,Sales Revenue,Revenue,Credit,0.0,23241.86917798971,Credit,23241.86917798971
2026-12,5000,Cost of Goods Sold,Expense,Debit,12845.348328133527,64.95132569607408,Debit,12780.397002437452
2026-12,6100,Rent Expense,Expense,Debit,43200.0,0.0,Debit,43200.0
2026-12,6200,Utilities Expense,Expense,Debit,5996.842153277164,0.0,Debit,5996.842153277164
2026-12,6300,Payroll Expense,Expense,Debit,58232.10744560913,0.0,Debit,58232.10744560913
2026-12,6400,Depreciation Expense,Expense,Debit,4883.333333333333,0.0,Debit,4883.333333333333
2026-12,6500,Payroll Tax Expense,Expense,Debit,4658.5685956487305,0.0,Debit,4658.5685956487305
2026-12,6600,Interest Expense,Expense,Debit,500.0,0.0,Debit,500.0
